Acessos;CorFolhaApical;CorPeciolo;CorFolhaDesenv;CorNerv;CorCortexCaule;CorExternaCaule;CorEpidCaule;CorRamosTerm;CorExternaRzs;CorCortexRzs;CorPolpaRzs;NLobulos;Pubescencia;FormaLobuloCentral;PosicaoPeciolo;Sinuosidade;ComprEstip;HabCrescCaule;TipoPlan;MargEstip;HabRamif;NiveisRam;ProemCicatrizesFolhas;FormaRzs;TxtEpidermeRzs;PresPedunculoRzs;PosicaoRzs;Flowering;DestqPelicRz;DestqCortexRz;ConstrRzs;ComprFilotaxia;AnguloRamif;PorteMod;HCNMod;RetFoliar;ComprLobulo;LargLobulo;RelComprLar;ComprPeciolo;EspEntreCasca;ComprMedRzs;DiamMedRzs;NRPl;AltPl;PPA;FRY;FRYC;FRYNC;IndColh;DMCsg
2;11---CONQUISTA-2;5;2;3;3;3;9;3;3;4;1;1;5;1;5;3;3;3;1;2;2;2;3;1;2;7;0;2;0;3;3;2;3;90;4;2;1;10.9;4;2.686159504;16.44;2.386666667;27;58.66666667;5.666666667;1.99;27.73;24.775;20.25;4.51;47.25;36.32
4;2011-34-41;3;3;3;3;2;5;4;3;4;3;1;3;1;5;5;7;5;1;2;1;3;2;2;3;7;5;3;1;4;3;2;7;90;2;4;1.12;14.98;3.9;3.853508323;19.24;2.463333333;27.66666667;72.79333333;7;2.4296;28.93041667;40.74625;32.282;7.438;58.35666667;33.78208333
5;2011-34-45;9;5;3;7;2;5;4;5;4;1;2;5;1;5;3;7;3;1;3;1;3;2;2;3;7;5;3;0;3;3;2;5;115;2;4;1.666666667;15.56;4.36;3.567244678;27.54;1.93;39.33333333;68.56;4.666666667;2.364666667;24.088;32.30733333;27.554;4.751333333;57.334;37.67133333
20;2019g-08-06;9;3;3;3;3;9;4;3;4;4;1;3;1;5;1;3;3;1;1;1;2;2;2;3;7;5;2;0;3;3;2;5;100;NA;4;1;15.54;4.44;3.505317749;15.42;1.82;27.66666667;51.05666667;7;2.04;23.15;65.76;34.75;31.02;73.97;28.61
25;2019g-08-11;3;7;3;3;3;8;2;3;1;1;1;5;1;4;7;7;3;1;1;1;2;2;2;3;3;0;3;0;3;7;1;5;95;NA;3;3;20.38;2.52;8.219999999;25.32;2.446666667;28;67.65333333;4;2.66;49.21;29.27;24.9;4.37;37.29;38.08
30;2019g-08-17;3;7;3;3;3;6;2;3;3;3;1;3;1;5;3;3;3;1;4;1;1;0;1;3;7;3;3;0;3;3;1;5;0;NA;4;5;13.02;3.98;3.294286392;18.4;16.12666667;23.33333333;45.08;3.333333333;2.22;13.02;12.76;7.73;5.03;49.49;34.76
35;2019g-08-22;5;2;3;3;2;9;4;3;4;1;1;5;1;5;7;7;5;1;4;1;1;0;2;3;7;5;3;0;3;3;2;5;0;NA;8;1;19.28;3.78;5.115124576;24.62;1.893333333;15.33333333;50.16;5.666666667;2.67;46.63;49.25;60.65;8.43;51.37;34.07
37;2019g-08-24;3;5;5;3;3;9;2;3;4;1;1;3;1;4;1;7;3;1;1;1;2;2;2;3;3;0;3;0;4;7;2;3;95;NA;4;5;15.62;2.62;6.020794212;16.3;2.42;29.33333333;58.38333333;3;2.06;2.92;37.72;34.25;3.47;92.82;27.59
38;2019g-08-25;5;5;3;3;3;9;4;3;4;1;1;3;1;4;7;7;5;1;1;1;2;2;2;3;7;0;1;0;3;3;1;5;110;NA;4;3;16.2;2.26;7.323661146;16.86;2.42;28.66666667;63.22;4.666666667;1.35;31.71;64.35;94.21;16.44;66.99;27.67
56;2019g-08-44;7;5;3;3;3;8;2;3;3;1;2;5;1;5;1;3;3;1;4;1;3;2;1;3;7;3;3;0;3;7;2;5;105;NA;4;2;15.62;4.14;3.780427273;18.86;1.27;31.66666667;53.52;5.666666667;2.64;31.585;28.82;20.415;8.405;47.135;30.24
57;2019g-08-46;3;3;3;3;3;9;2;3;4;1;1;3;1;5;5;3;3;1;1;1;1;0;2;3;7;0;3;0;3;7;1;3;0;NA;4;3;17.58;4.5;3.917817737;27.5;1.623333333;32;63.02;6;2.06;41.53;31.04;23.26;7.78;42.78;34.93
58;2019g-08-47;3;7;3;3;3;6;4;3;4;3;1;5;1;5;3;3;3;1;3;1;3;3;2;3;7;3;3;0;3;3;2;3;100;NA;6;3;14.78;4.1;3.608972274;19.32;2.166666667;35.33333333;63.98666667;5.666666667;2.51;45.45;48.45;42.125;6.32;51.85;30.375
62;2019g-08-51;5;3;3;3;2;5;4;3;4;3;3;5;1;5;1;3;3;1;1;1;1;0;1;3;7;3;3;0;3;3;1;5;0;NA;4;3;17.82;6.42;2.775692326;25.58;1.653333333;29;57.41333333;3;1.18;7.64;16.67;12.5;4.17;68.57;31.19
64;2019g-08-53;5;3;3;3;2;5;4;3;4;3;2;5;1;5;3;3;3;1;1;1;3;2;2;3;7;0;3;0;3;3;1;5;110;NA;3;1;13.52;4.44;3.069181791;19.6;2.22;28.33333333;65.05666667;6.666666667;1.2;59.03;63.89;106.94;31.94;51.98;24.89
77;2019g-08-67;3;2;5;3;3;8;2;3;2;2;1;5;1;5;5;7;3;1;1;1;2;2;1;3;3;3;3;0;4;3;1;3;80;NA;NA;1;14.32;3.46;4.145649041;18.58;1.896666667;24.66666667;45.65666667;2.666666667;1.67;9.26;8.8;0;8.8;48.72;NA
78;2019g-08-68;3;3;5;3;2;6;2;3;4;3;1;5;1;5;5;3;3;1;1;1;2;2;1;3;7;3;2;0;3;3;1;3;95;NA;6;1;17.72;4.44;4.003931557;23.72;2.033333333;37;53.68;6.666666667;1.97;26.39;58.84;48.19;10.65;69.04;30.49
81;2019g-08-71;9;7;5;7;2;5;4;7;4;1;1;5;1;5;3;3;5;1;1;1;1;0;1;3;7;0;3;0;3;3;2;5;0;NA;8;4;17.6;4.86;3.629261078;27.62;2.49;33.66666667;76.23333333;4;2.5;61.32;56.91;120.315;13.54;47.93;33.39
88;2020g-01-01;7;5;3;5;3;7;2;3;4;4;1;5;1;5;3;3;3;1;1;1;3;2;1;2;7;0;1;1;3;3;2;7;110;2;NA;3;16;4.7;3.413333333;21.1;3.12;33.66666667;59.87666667;7.333333333;2.52;40.02;23.06;11.84;11.22;36.56;32.34
89;7741-8-Wx;7;5;3;5;3;9;4;5;4;4;1;3;1;5;1;3;3;1;2;2;2;3;2;3;7;5;3;1;3;3;2;5;115;4;NA;1;7.26;1.96;3.782420245;8.72;1.613333333;24;51.35;1.333333333;1.465;7.63;9.375;15.74;0.74;45.565;32.54
90;7909-04-Wx;7;1;3;3;2;3;4;3;4;1;1;1;1;5;5;3;5;1;2;2;2;3;1;3;7;0;3;1;3;5;2;5;100;5;NA;1;10.54;3.02;3.483951834;10.02;1.42;37.33333333;65.60333333;2.666666667;1.55;10.335;14.865;22.82;2.93;51.4;29.145
92;A.-Preto-joselito;9;9;5;7;3;9;2;7;4;2;1;3;1;1;5;3;5;1;4;1;1;0;1;3;7;5;2;0;3;3;2;7;0;2;2;1;15.54;6.46;2.416092218;29.46;2.27;36.66666667;78.55;4;3.16;53.98;65.14;57.27;7.87;54.68;37.07
96;AF-2011-52-25;5;5;5;3;3;9;4;5;4;1;1;3;1;3;3;3;3;2;2;2;3;3;1;3;7;3;3;1;3;3;2;5;120;1;6;1.705882353;11.22;3.87;2.903539851;13.4;1.59;18.66666667;63.70666667;5;2.185882353;20.214375;17.975625;13.424;5.437333333;45.23625;38.49333333
97;AF-2011-53-01;7;7;3;5;3;8;2;5;1;1;1;1;0;5;5;7;3;1;1;1;2;2;1;2;3;5;2;1;NA;3;2;5;50;2;6;2;14.1;4.42;3.209581909;17;1.58;30.33333333;54.68333333;9;2.38;24.3775;19.315;13.84;7.253333333;43.9725;32.2975
98;AF-2011-53-05;7;5;3;3;2;8;2;5;1;1;1;3;1;5;3;3;3;2;1;2;3;3;1;3;3;5;3;1;NA;5;2;5;70;3;4;1.75;13.24;3.82;3.494330885;7.06;1.556666667;37;63.32666667;6;2.255;32.78;24.67;24.54333333;5.66;40.995;33.7975
102;Aipim-Brasil;7;3;3;5;2;8;1;5;1;1;1;5;1;2;7;7;5;1;2;1;3;2;1;3;3;3;3;0;3;3;1;3;90;2;NA;1;10.84;3.1;3.496470588;16.62;2.34;23;54.50333333;4.666666667;2.405;20.275;14.93;NA;NA;42.22;32.3
103;Aipim-Brasília;5;7;5;5;3;6;2;5;4;1;2;5;1;7;7;7;5;1;3;1;2;3;1;2;7;3;2;0;3;3;1;5;90;2;4;1.055555556;25.1;5.84;4.302870094;2.86;2.293333333;24.83333333;53.59166667;4.833333333;2.022105263;12.97684211;10.34315789;6.475;7.57;45.84473684;35.20055556
107;Baianinha-PR;5;3;5;3;2;8;2;3;3;1;1;3;1;4;3;7;3;1;1;1;2;2;2;3;7;3;3;0;3;3;2;5;105;3;8;1.055555556;12.8;2.04;6.428393382;13.3;1.68;15.33333333;32.24666667;3.666666667;1.826111111;11.67333333;12.65833333;13.02;4.75;51.66666667;33.62117647
115;BGM-0014;5;7;3;5;3;6;2;7;3;1;1;5;0;5;3;7;5;1;2;1;2;1;1;2;3;5;2;1;3;3;1;5;110;5;6;1.5;16.98;5.46;3.112927312;29.74;2.636666667;25.82222222;61.57111111;4.666666667;1.946363636;12.08909091;12.55181818;9.115;4.13;49.97090909;32.552
116;BGM-0016;5;5;5;5;3;7;1;3;1;1;1;3;1;1;3;3;5;1;4;1;1;0;NA;1;3;0;2;0;4;7;2;5;0;3;NA;NA;16.08;6.78;2.373022181;24.72;NA;NA;NA;NA;2.74;40.428;8.376;4.114;3.55;16.782;36.84333333
123;BGM-0022-T.Bco;7;5;5;5;2;6;4;5;4;3;1;3;1;4;3;7;5;1;1;1;2;3;1;2;7;5;2;0;3;3;1;5;90;5;4;1.8;13.26;3.98;3.335392535;18.46;2.75;32.77777778;62.88777778;3.333333333;1.598333333;13.48166667;12.51;9.362;6.152;49.15;37.41666667
126;BGM-0025;9;9;5;5;3;9;3;5;3;4;1;5;0;7;3;3;5;1;1;1;2;2;1;2;7;3;3;0;4;7;1;7;90;3;6;1;19.68;3.14;6.320254794;24.24;2.733333333;20.33333333;57.33333333;6;2.100666667;31.49;24.70733333;18.83142857;6.327;45.35666667;33.62066667
131;BGM-0031;7;3;5;3;2;7;1;3;4;4;1;5;0;7;3;7;5;1;2;1;2;3;2;3;7;5;2;1;4;7;2;3;120;5;8;2.666666667;10.76;2.34;4.644083453;14.98;2.943333333;32.66666667;79.6;6.333333333;1.616666667;20.76;17.42333333;11.002;7.1525;42.49166667;32.975
138;BGM-0040;7;1;5;3;2;6;3;3;4;1;1;5;1;5;7;3;5;1;4;1;3;1;2;2;7;5;2;0;3;3;1;5;90;3;8;2.142857143;18.84;6.82;2.762217994;30.7;3.523333333;26.41666667;64.24;5.666666667;2.058;23.869;22.858;17.01777778;6.023333333;46.471;34.095
139;BGM-0042;5;2;5;3;3;3;2;3;4;1;1;7;0;7;3;7;5;1;1;1;2;2;1;2;7;3;2;0;3;7;3;5;50;3;8;1.6;15.94;5.16;3.091866355;28.22;1.53;20.88888889;47.51333333;4;1.634444444;13.39777778;4.466666667;1.60875;2.925714286;24.01777778;29.79875
146;BGM-0049;7;3;5;3;3;7;1;3;1;2;3;5;1;2;3;3;5;1;2;1;1;0;2;3;3;5;3;0;4;3;2;7;0;1;8;2;14.52;5.04;2.883088235;23.32;2.656666667;36.66666667;66.16;4;2.296428571;45.74928571;39.73714286;35.22230769;4.925555556;45.72214286;35.97071429
147;BGM-0050;3;1;3;3;2;8;1;3;2;2;1;5;1;5;3;3;5;1;3;1;3;2;1;4;7;5;2;0;4;3;2;5;90;3;8;2.428571429;17.08;4.98;3.431073698;29.04;2.27;31.75;58.92166667;4.041666667;1.932307692;19.69076923;25.06615385;19.06666667;7.1875;53.33538462;33.40769231
149;BGM-0053;5;7;5;3;2;5;4;5;3;3;1;5;1;2;3;3;5;1;3;1;2;0;NA;2;NA;0;1;1;3;3;2;3;NA;1;NA;3;16.36;5.02;3.261975867;23.16;2.32;30.33333333;93.63333333;3.333333333;2.106;22.652;15.628;11.826;3.47;39.36;32.875
150;BGM-0054;7;5;3;3;2;5;4;5;4;4;2;3;0;5;3;7;5;1;2;1;2;0;1;1;7;5;3;1;4;5;3;5;120;5;8;2.571428571;14.68;4.66;3.159751125;23.52;3.813333333;20.625;67.3325;4.166666667;1.850909091;22.66818182;10.96333333;4.694545455;7.263636364;32.94454545;32.73545455
153;BGM-0058;9;9;7;3;3;7;2;7;1;4;2;5;0;4;7;3;5;1;1;1;3;1;2;2;3;5;3;0;3;3;3;5;90;3;8;2;21.74;3.44;6.327951681;30.64;1.96;32.55555555;66.14888889;4.222222222;2.569090909;33.37818182;38.54363636;32.528;6.1;50.97818182;32.97166667
158;BGM-0065;5;5;5;3;3;9;3;5;4;3;2;7;0;5;3;7;5;1;2;1;1;0;2;2;7;3;3;0;4;3;1;5;0;3;6;1.833333333;12.2;2.84;4.311243386;18.9;3.033333333;27.70833333;70.42666667;3.625;1.860833333;19.56583333;23.81833333;18.33363636;6.024545455;51.38916667;33.02416667
165;BGM-0075;7;5;5;5;2;7;3;3;3;1;1;5;1;6;3;3;5;2;1;1;2;3;1;2;7;0;2;0;3;3;1;5;100;5;4;1.333333333;10.62;3.4;3.123529412;12.72;3.353333333;27.33333333;44.03;4.666666667;1.878888889;28.29444444;18.12333333;12.9525;5.9025;40.44222222;33.69777778
167;BGM-0077;3;2;5;3;2;5;4;3;4;1;2;3;1;5;5;3;3;1;1;2;2;3;2;3;7;3;2;0;4;3;2;3;100;4;8;1;13.2;3.94;3.351950437;13.88;2.593333333;22.66666667;49.35333333;3.666666667;1.875;16.39;4.55;6.32;2.78;11.675;NA
173;BGM-0087;3;7;3;5;3;9;4;5;4;3;1;5;1;5;3;7;5;1;2;1;1;0;2;1;7;5;3;0;4;3;2;5;100;5;8;2.857142857;16.52;5.02;3.290309201;31.04;3.89;31.875;67.9425;4.5;1.805333333;22.41533333;28.226;22.50714286;5.720714286;53.93866667;33.44
175;BGM-0089;9;7;5;7;2;3;4;7;4;1;1;3;0;5;3;3;3;1;1;1;2;0;1;3;7;3;2;0;3;3;2;7;90;1;4;1.4;20.22;5.1;3.975220233;31.46;1.803333333;20.44444445;52.45;2.888888889;2.181818182;27.56545455;7.357272727;4.422;3.498333333;18.81272727;35.68222222
179;BGM-0094;3;3;5;3;2;9;2;3;4;2;4;7;1;5;1;7;5;1;2;2;3;2;2;1;7;5;3;1;3;3;1;5;100;3;4;1.6;18.08;6.24;2.896143426;35.68;2.816666667;16.33333333;79.53;2.666666667;1.746666667;13.36444444;12.56777778;11.10875;2.54375;47.54333333;31.87375
181;BGM-0097;5;2;5;3;3;7;1;5;1;1;1;5;1;4;3;3;5;1;1;1;1;1;1;2;3;3;3;0;3;7;2;5;0;1;6;2;15.32;3.48;4.425292398;24.08;2.186666667;37.33333333;54.17333333;5.666666667;2.298;37.43733333;33.722;28.96642857;6.715;48.78;33.06866667
190;BGM-0113-RcxRos;7;5;3;3;2;9;4;5;4;3;1;3;0;5;5;7;3;2;2;2;2;2;1;3;7;5;NA;1;NA;7;1;3;90;3;8;1;11.02;2.96;3.790705373;11.64;1.85;26.66666667;73.16666667;5;1.835;30.925;21.955;14.13;7.825;34.31;30.725
191;BGM-0115;7;9;5;9;3;9;4;7;4;1;1;5;1;5;3;3;5;1;3;1;1;0;1;2;7;3;2;1;3;3;2;5;0;3;6;3.5;16.98;4;4.245551378;23.98;1.566666667;33.68055556;54.30680555;5.163888889;2.495;34.5725;36.2475;27.73666667;5.39;50.3425;33.765
196;BGM-0120;9;5;5;5;3;8;2;5;4;4;2;3;0;5;3;7;5;1;1;1;2;0;1;2;7;5;2;1;3;3;1;7;90;3;8;2.333333333;20;5.4;3.709563543;27.94;1.326666667;26;58.69888889;4.666666667;2.447857143;40.85785714;36.94357143;34.12;5.735;48.62428571;33.08071429
197;BGM-0121;5;2;5;3;3;8;1;3;2;2;1;7;1;5;3;7;5;1;2;1;3;1;1;3;3;5;3;0;3;3;3;5;100;5;8;1.666666667;15.7;4.04;3.89033058;30.68;3.213333333;25.7;57.60888889;4.444444445;1.859230769;25.30846154;14.65076923;11.73888889;4.673333333;34.25846154;37.49076923
204;BGM-0131;5;7;5;9;2;9;3;7;3;1;3;3;1;5;3;7;5;1;1;1;2;3;2;2;7;3;2;0;4;3;2;5;80;3;8;1.428571429;12.08;1.8;6.861912133;17.06;3.09;17;59.36666667;2;1.709;10.803;4.793;2.997777778;2.254444444;26.845;30.24375
213;BGM-0143;7;5;3;5;3;6;2;5;4;1;1;5;1;2;3;3;5;1;1;1;1;0;2;3;7;5;2;0;3;3;1;5;0;1;8;1;16.64;6.06;2.747237019;29.62;1.976666667;23.33333333;56.15;4;1.971;33.775;18.746;16.19111111;3.41625;31.887;36.756
214;BGM-0144;9;2;5;3;3;9;2;3;4;1;1;5;0;5;3;3;5;1;1;2;3;1;1;2;7;3;3;0;3;3;2;5;90;1;6;1.4;14.56;4.36;3.336568053;21.72;1.34;24.66666666;53.78666667;5.644444444;2.230833333;29.41416667;20.42333333;15.64909091;3.838571429;39.81583333;39.5825
218;BGM-0149;9;3;5;3;2;5;4;3;4;4;2;5;0;5;3;3;3;1;3;2;2;1;NA;2;7;5;3;1;3;7;1;5;90;1;NA;NA;14.24;3.76;3.78464657;21.18;NA;NA;NA;NA;2.582857143;42.70428571;39.58857143;34.64857143;6.256666667;47.20285714;35.84857143
230;BGM-0158;7;7;5;3;3;7;1;5;3;1;1;5;0;5;3;3;5;1;1;1;3;1;2;2;7;5;2;1;4;7;1;3;60;3;8;1.4;17.3;4.54;3.815089172;23.36;3.113333333;17.88888889;56.12;2.777777778;2.09875;15.5125;4.32375;1.767142857;2.241666667;29.5825;30.984
242;BGM-0169;5;7;5;5;3;6;3;5;4;1;1;7;1;2;7;7;5;1;2;1;2;0;2;1;7;5;3;0;3;3;1;5;90;5;8;1.857142857;12.16;4.14;3.010918679;20.08;4.363333333;29.70833333;81.1525;3.291666667;2.041666667;21.6925;18.99833333;15.45090909;3.449090909;40.47;34.73272727
247;BGM-0177;7;9;5;7;3;7;2;5;3;1;1;5;1;5;3;3;3;1;3;1;2;2;2;4;7;0;3;0;3;3;1;3;100;5;6;1;14.9;4.18;3.565009865;21.98;2.846666667;31.33333333;70.31666667;3.333333333;2.3725;31.52;18.845;15.50571429;5;39.7625;37.18125
249;BGM-0179;3;2;5;3;3;6;2;3;3;1;1;5;1;7;3;3;5;1;1;1;1;2;2;2;7;5;3;0;4;3;1;5;90;1;6;2.214285714;16.5;4.8;3.450886706;28.34;2.64;29.70833333;65.20416667;4.6875;1.89;26.25047619;21.78428571;17.331;5.073333333;46.14380952;33.582
252;BGM-0183;7;7;3;5;2;7;1;5;3;1;1;5;1;5;3;3;5;1;1;1;1;3;1;4;7;0;3;0;4;7;1;3;0;3;4;2;22.12;5.36;4.133408221;29.5;3.176666667;36.66666667;59.66333333;4.666666667;2.26125;33.0875;24.8425;22.21;4.46;40.3;30.55625
257;BGM-0188;5;5;5;3;3;9;3;3;4;1;2;5;1;4;3;7;5;1;2;1;3;3;2;2;7;5;2;0;3;3;2;7;110;3;6;1.666666667;17.86;3.88;4.631933099;23.34;1.916666667;21.66666667;60.01;4.333333333;2.211052632;37.85263158;33.84157895;30.05888889;4.554285714;47.78157895;34.16222222
263;BGM-0202;5;3;5;3;3;5;2;5;4;1;1;3;0;5;3;3;5;1;2;1;1;0;1;1;7;0;3;0;3;3;1;5;0;3;4;1.666666667;12.22;4.12;2.962977869;19.7;2.79;24.20833333;61.19;6.458333333;1.964166667;16.065;22.25083333;15.46272727;7.635454545;56.66916667;30.41333333
267;BGM-0207;7;1;3;3;3;6;2;3;4;4;1;5;1;4;3;3;5;1;3;1;2;2;2;2;7;3;3;0;4;7;1;7;80;1;4;1;16.72;4.6;3.638339921;22.48;2.06;20.33333333;51.19;5;2.513333333;33.78533333;19.24066667;16.23857143;4.107;35.00866667;31.67266667
282;BGM-0232;7;9;5;9;2;5;4;7;4;2;1;5;1;2;3;7;5;1;1;1;2;1;NA;2;7;0;3;0;3;3;1;5;100;1;NA;NA;9.62;3.42;2.828188907;10.84;NA;NA;NA;NA;3.07;54.5;26.48;22.72666667;3.37;34.01;38.39333333
287;BGM-0239;5;3;5;3;3;9;2;3;4;1;2;5;0;4;7;7;5;1;1;2;2;3;1;2;7;5;2;0;3;3;2;5;110;5;8;1.125;13.58;1.44;9.660239956;17.86;2.106666667;25.875;54.84333333;2.375;1.875714286;22.29214286;9.815;7.098333333;2.273636364;30.185;33.47583333
291;BGM-0246;7;7;5;7;3;9;3;5;4;1;1;3;1;2;3;3;5;1;1;1;2;1;2;3;7;5;3;0;3;3;2;5;100;3;8;1.5;14.82;4.42;3.345725339;23.86;3.003333333;23.33333333;71.45666667;3.333333333;1.80125;18.27625;37.42375;35.71142857;6.031666667;60.9325;33.15125
298;BGM-0254;5;5;3;3;2;9;3;5;4;3;1;3;1;4;3;3;5;1;2;1;3;1;2;1;7;5;3;1;3;3;2;5;90;5;4;1.833333333;16.26;3.7;4.392812593;21.5;26.09666667;23.66666667;52.76444444;6.111111111;2.1375;17.61416667;20.12416667;14.99818182;8.197142857;50.07;36.75333333
300;BGM-0257;5;5;5;3;2;8;3;3;2;2;3;3;1;5;3;7;5;1;1;1;3;3;1;3;7;3;3;1;4;3;3;5;90;3;8;1;15.12;2.74;5.563888765;16.78;1.946666667;24.46083333;48.59333333;3.75;1.79;13.38058824;13.03176471;8.333125;4.2525;44.86411765;35.57294118
306;BGM-0267;7;3;5;3;1;4;2;3;1;1;3;7;0;9;3;7;5;1;2;1;2;2;2;2;7;3;2;1;3;3;1;5;90;3;8;1;22;3.52;6.297044131;25.12;1.826666667;21.66666667;60.67;2;1.8375;10.96;7.0075;1.003333333;5.133333333;37.7075;33.205
312;BGM-0273;7;2;5;3;3;5;2;3;4;2;1;3;0;5;3;3;5;1;3;1;2;1;NA;3;7;5;3;1;4;3;1;5;100;5;4;NA;12.08;3.42;3.533515853;13.18;NA;NA;NA;NA;2.796666667;44.76666667;37.50333333;34.00166667;4.86;44.125;38.93166667
313;BGM-0276;7;2;3;3;3;9;3;3;4;1;1;5;1;5;3;3;5;1;1;1;2;2;2;3;7;3;2;1;3;5;1;5;110;2;6;1;16.36;4.56;3.592107661;17.5;1.023333333;28;56.22;3.333333333;2.612;32.632;29.878;28.3525;0.59;48.132;39.72
314;BGM-0277;3;5;5;3;2;7;2;5;3;1;1;5;1;2;3;7;5;1;1;1;2;0;1;2;7;5;3;0;4;3;2;5;90;5;8;2;18.34;6.66;2.754196999;30.62;3.1;25.75;64.76;4.458333333;1.557692308;14.17538462;18.52846154;13.39166667;5.360833333;58.87538462;29.51384615
334;BGM-0307;7;5;3;7;2;7;1;3;4;4;1;5;0;2;3;7;5;1;1;1;2;3;2;2;7;3;3;0;3;3;1;7;90;5;4;1;12.96;3.76;3.455996903;18.06;1.496666667;23.44444444;46.85444445;4.111111111;2.397272727;24.76181818;12.77909091;8.44;3.864285714;32.25454545;35.44545455
342;BGM-0319;7;7;5;9;3;6;2;5;4;3;1;5;1;5;3;3;5;1;3;1;1;0;2;2;7;5;3;0;4;5;1;5;0;3;4;2;15.84;3.5;4.573957897;22.26;1.543333333;24.77777778;52.05111111;5.777777778;2.578333333;32.2625;26.56666667;22.31818182;6.492857143;44.775;34.3125
343;BGM-0320;7;2;5;5;3;9;4;5;4;1;1;5;1;5;5;3;3;1;2;1;3;3;1;1;7;5;3;0;3;5;1;5;110;4;NA;2;16.04;4.44;3.612626263;19.8;2.186666667;35.66666667;69.24;6.333333333;2.52;30.55;43.615;18.67;6.4;57.935;37.03
350;BGM-0332;5;5;5;3;3;6;1;3;4;1;1;5;1;5;3;3;5;1;3;1;2;1;2;2;7;0;3;0;3;3;2;5;100;5;NA;1;13.22;3.36;3.943842166;19.32;1.863333333;28;91.83;4;2.4475;29.0725;28.87875;25.10571429;4.1;51.1725;38.7475
360;BGM-0352;5;7;5;5;1;7;4;7;3;1;1;5;1;5;3;7;5;1;1;1;3;2;2;1;7;5;3;1;4;3;2;5;90;5;3;1.428571429;14.76;3.66;4.030571716;22.02;1.596666667;23;59.11333333;5.125;1.727692308;12.48923077;23.16769231;17.49916667;6.390833333;63.47307692;26.43615385
362;BGM-0357;7;7;5;5;2;5;2;5;4;1;1;3;1;2;3;3;3;2;1;1;2;3;2;2;7;3;2;1;3;3;2;3;100;5;3;1.1875;17.52;5.84;3.001028433;20.92;2.46;30.16666667;74.71666667;3.229166667;1.655625;10.52;16.3425;13.03384615;3.905384615;57.265625;31.91375
365;BGM-0360;7;3;5;3;2;8;2;7;2;1;1;3;0;2;7;3;3;1;3;2;2;1;2;3;7;3;2;0;3;7;3;5;80;3;6;2.428571429;13.98;4.42;3.170663441;28.3;2.596666667;27.5;65.25888889;5.5;2.11;30.8125;23.96375;15.116;9.767272727;41.95;35.734375
368;BGM-0364;9;3;5;7;3;8;4;7;4;4;2;5;0;5;3;3;3;2;1;2;2;2;1;2;7;5;3;0;4;3;2;5;100;3;8;1.375;14.66;4.9;2.992234015;19;2.216666667;22.54166667;55.0275;4.791666667;2.187857143;18.82;21.70785714;18.00461538;4.906153846;51.33857143;30.82571429
369;BGM-0365;9;5;5;5;2;8;2;5;4;2;1;3;1;4;3;7;5;1;4;1;1;0;1;2;7;5;3;0;4;7;1;7;0;5;8;1;8.86;2.3;3.953152709;14.54;1.61;39.66666667;72.64666667;2.333333333;2.06;25.56625;11.10125;9.358571429;2.083333333;35.61375;36.31166667
380;BGM-0383;5;7;5;3;3;6;3;5;4;2;1;3;1;2;3;3;5;1;2;1;3;2;2;3;7;3;3;1;4;7;1;5;120;5;4;1;10.34;3.72;2.779532164;10.8;3.113333333;22.66666667;54.17333333;3.333333333;1.706666667;11.78833333;8.4;4.102;4.3175;48.75333333;35.78333333
385;BGM-0390;9;1;5;3;3;8;3;5;3;1;1;5;0;5;3;3;5;1;3;1;1;0;2;2;7;5;2;1;4;3;1;7;0;3;4;1.857142857;18.86;4.98;3.784517391;29.58;3.21;29.58333333;67.15111111;4.388888889;2.050714286;28.00928571;21.09;16.97307692;5.466666667;42.99714286;34.305
389;BGM-0396;5;7;5;7;3;3;2;5;1;3;1;5;1;5;3;7;5;1;1;1;3;1;2;2;3;3;3;0;4;3;3;5;90;3;6;1.142857143;10.92;3.02;3.617936353;13.3;2.21;29.20833333;60.46916667;4.875;2.076923077;21.21846154;25.66230769;16.7675;7.9175;52.80923077;35.00692308
408;BGM-0424;5;1;5;3;2;6;2;3;2;1;3;5;1;5;3;7;5;1;2;1;3;2;2;2;3;5;3;1;3;3;1;7;110;5;8;1.714285714;11.5;3.2;3.599373425;13.42;2.136666667;20.95833333;33.98666667;1.625;2.073636364;26.97545455;6.11;2.467;3.475;16.80818182;33.678
414;BGM-0434;5;7;3;7;2;8;1;3;2;1;1;5;1;5;3;3;5;1;4;1;1;0;1;2;7;0;3;0;3;3;2;5;0;1;3;1;17.8;5.54;3.209523733;23.56;2.146666667;21.66666667;64.53333333;4.666666667;2.281111111;18.00333333;21.20555556;16.1725;7.102;54.00222222;36.37888889
420;BGM-0440;5;5;5;5;3;5;2;3;4;1;1;5;1;5;3;3;5;1;2;1;1;2;2;2;7;5;3;0;4;7;2;5;0;5;8;1.444444444;15.82;2.1;7.544771018;24.68;2.173333333;29.12416667;67.64333333;3.500833333;1.732777778;12.19777778;16.14666667;12.91176471;3.33625;55.07;33.29764706
421;BGM-0441;5;5;5;3;3;6;3;3;3;1;1;5;1;5;3;7;5;1;1;1;1;0;2;2;3;3;2;0;3;3;3;5;0;3;8;2.2;11.96;3.4;3.583234837;15.82;3.046666667;20.55555556;72.13888889;2.888888889;2.078571429;21.47428571;22.57285714;14.81166667;4.94;49.47714286;34.02
427;BGM-0449;7;5;5;3;2;6;2;3;3;1;1;5;0;5;3;3;5;1;1;1;1;0;1;3;7;0;2;0;3;3;2;5;0;1;3;1.857142857;11.98;2.84;4.235276695;17.54;2.423333333;28.79166667;58.97;5.333333333;2.218333333;19.37583333;23.26416667;15.76181818;7.764;52.51333333;34.13416667
429;BGM-0452;9;7;5;5;3;6;1;5;1;1;1;5;0;5;3;3;5;1;2;1;1;0;2;2;3;5;3;0;3;3;3;7;0;5;NA;1.5;17.1;4.72;3.633403361;24.12;3.576666667;37.33333333;66.76333333;2.666666667;1.929285714;34.305;28.65214286;25.15923077;4.648;46.02357143;34.29285714
431;BGM-0456;7;5;5;3;3;9;2;3;4;1;1;5;1;5;3;7;5;1;2;1;3;2;1;1;7;5;3;0;4;7;1;7;80;1;NA;3;15.56;5.48;2.853416723;24.64;2.803333333;26;43.54333333;2.666666667;2.406;32.812;17.17;12.05;6.04;29.61;31.935
447;BGM-0476;5;7;5;5;3;7;1;5;3;1;1;5;1;5;3;3;3;1;1;1;2;0;1;3;7;5;3;0;3;3;1;3;70;3;8;1;18.06;4.72;3.842533787;25.74;1.166666667;19.77777778;42.63666667;3;1.528333333;7.94;9.526666667;7.09;3.856;52.45833333;33.134
459;BGM-0500;5;5;5;5;2;5;3;5;4;1;1;5;1;5;1;7;5;1;3;1;3;1;2;2;7;5;3;0;3;5;1;5;90;5;8;2.0625;11.16;3.5;3.188157914;12.22;2.683333333;32.8125;74.70583333;4.708333333;1.777333333;16.90214286;21.58;18.44307692;3.792307692;55.78857143;32.85615385
466;BGM-0509;7;3;5;3;2;7;1;5;2;1;1;3;1;5;3;3;5;1;4;1;1;0;2;2;3;5;2;0;3;5;1;7;0;1;8;1.142857143;14.66;3.58;4.092277753;20.96;1.716666667;21.55555555;45.87111111;2.777777778;2.423571429;14.51692308;8.651538462;6.78;1.557142857;29.24769231;32.34
468;BGM-0511;7;5;5;3;2;8;2;5;1;1;1;7;1;5;3;7;5;1;1;1;1;2;1;2;3;0;3;0;4;7;1;5;0;3;8;1.5;11.98;4.14;2.910419159;22.12;1.633333333;27.33333333;59.84555556;2.444444445;2.171428571;22.49714286;6.598571429;2.453333333;4.638;23.71571429;28
469;BGM-0512;5;5;5;3;2;7;2;5;1;1;1;5;1;5;3;3;5;1;1;2;2;2;1;2;3;5;2;0;4;3;1;5;110;1;6;1.833333333;13.38;4.2;3.195257319;20.58;1.546666667;27.79166667;60.83166667;4.166666667;2.458181818;34.87909091;27.43090909;21.19363636;6.913;42.22272727;32.41181818
481;BGM-0540;3;5;5;3;3;6;1;5;1;3;1;3;1;5;3;7;5;1;3;1;2;2;2;2;3;3;3;1;4;7;3;7;90;3;4;1.25;14.88;4.82;3.090060628;19.8;3.49;27;83.71666667;12.33333333;2.02;21.97461538;25.42153846;23.46545455;5.941428571;48.9;31.66916667
482;BGM-0541;9;2;5;3;2;6;3;5;4;3;1;3;1;5;3;3;5;1;3;1;2;3;1;2;7;3;3;0;4;3;1;5;70;5;8;1.8;23.16;6.74;3.433992846;32.84;2.103333333;28.88888889;46.07777778;5.333333333;2.509166667;43.77333333;16.99833333;13.33181818;6.58;28.11583333;37.17166667
495;BGM-0557;7;5;5;5;3;7;2;3;3;1;1;3;0;5;7;3;5;1;1;1;2;2;1;2;7;5;2;1;4;3;1;5;90;5;3;2.6;13.24;4.2;3.159446367;17.7;2.373333333;24.70916667;57.67666667;4.874166667;1.917222222;22.48166667;20.10388889;14.47941176;6.335;45.28777778;35.80444444
498;BGM-0561;7;7;5;5;2;7;1;5;1;1;1;5;1;2;7;7;5;1;1;1;1;0;2;2;3;5;3;0;4;7;2;3;0;3;8;1.714285714;11.98;4.02;2.990115876;14.08;2.15;22.41666667;44.00916667;4.375;1.765833333;18.75166667;9.145833333;2.414545455;6.006;33.095;33.7
511;BGM-0585;9;7;3;3;1;4;1;5;1;3;1;5;1;3;3;3;5;1;1;1;3;2;1;2;3;5;3;0;3;3;3;5;90;5;8;1.8;17.18;3.16;5.452007169;25.62;3.013333333;35.55555555;68.96555555;3.333333333;1.693333333;15.99166667;18.25;11.964;6.918;53.41666667;34.78
512;BGM-0587;7;3;5;3;2;4;1;5;3;2;1;3;1;4;3;3;5;1;2;2;3;1;2;2;7;3;3;1;4;3;2;7;80;5;8;1;17.16;4.6;3.731755243;20.9;1.703333333;32.66666667;39.81333333;2.333333333;2.207222222;31.82055556;20.77;16.26764706;5.253076923;35.29833333;34.86333333
515;BGM-0591;7;5;5;3;3;6;3;7;4;2;1;5;1;5;7;3;5;1;3;1;3;3;1;3;7;5;2;1;3;3;1;7;100;5;4;1.666666667;16.56;4.6;3.627168749;22.06;1.926666667;27.11111111;55.81;3.555555555;2.284166667;18.17666667;16.275;11.531;4.433333333;41.63333333;37.74111111
519;BGM-0598;7;5;5;5;3;7;1;5;2;1;1;3;1;5;3;3;5;1;3;1;2;2;1;1;3;5;3;0;3;3;2;7;70;5;6;1.2;16.52;4.16;4.020880605;23.58;2.876666667;26.66666667;56.42;5.111111111;2.309090909;30.32909091;30.82;26.354;6.62;51.17909091;38.735
525;BGM-0607;7;1;5;3;3;6;2;3;3;1;1;7;1;5;1;7;5;1;1;1;2;0;2;3;7;5;3;0;4;3;3;5;90;5;8;1.875;16.12;3.48;4.614272896;25.28;4.653333333;27.22916667;67.175;3.083333333;1.651818182;22.42272727;16.75272727;12.708;3.225;39.66272727;34.251
528;BGM-0610;9;7;5;3;2;5;4;5;3;1;1;5;1;4;3;7;5;1;1;1;2;3;2;3;7;5;3;1;4;7;3;3;90;5;4;1;12.72;3.8;3.3624954;13.52;2.316666667;24.33333333;65.73666667;2.666666667;1.671428571;11.07571429;12.22285714;5.988333333;3.898;53.29857143;31.70714286
540;BGM-0626;7;3;5;5;3;9;2;5;4;1;1;5;0;5;7;7;3;1;1;1;2;3;1;3;7;3;3;1;3;3;1;5;100;3;6;1.25;14.04;4.34;3.234448872;20.72;2.456666667;20;47.72333333;4.666666667;1.763333333;27.034;12.49133333;8.442857143;4.539;30.70933333;35.73384615
549;BGM-0642;5;5;3;5;2;7;2;5;4;3;1;3;1;2;3;3;5;1;1;1;3;1;1;2;7;5;3;1;4;7;1;7;90;3;6;1.2;16.58;4.44;3.744324046;24.14;1.836666667;22.66666667;58.10666666;3.555555556;2.1;16.98333333;12.19166667;7.725454545;3.935714286;40.4975;36.72666667
556;BGM-0651;7;7;5;3;2;3;1;3;2;1;1;5;1;9;3;7;5;1;2;1;1;0;2;2;7;3;3;0;3;3;2;5;0;3;6;1.625;10.28;1.98;5.200718463;15.26;2.35;24.95833333;58.47166667;2.791666667;1.760833333;19.89083333;10.815;6.609;4.05;37.21;34.086
570;BGM-0668;7;7;1;3;1;4;1;5;1;1;1;5;1;5;3;7;5;1;1;1;2;1;2;2;3;3;2;0;4;3;1;3;90;5;NA;1;10.4;3.34;3.127691668;14.08;1.653333333;30;30.60666667;5.333333333;1.1775;9.276666667;7.28;4.165;2.13;37.69666667;35.25
572;BGM-0670;7;3;5;3;3;6;2;3;4;2;1;7;1;5;3;7;5;1;4;1;1;0;1;2;7;5;2;0;3;3;1;3;0;1;8;2;16.82;5.32;3.18011112;24.72;2.813333333;19.55555555;51.78555556;3.444444445;2.096666667;27.94888889;11.72555556;7.25625;4.365714286;27.14;31.865
578;BGM-0678;9;5;5;5;3;7;3;7;1;4;2;5;1;2;3;3;5;1;3;1;3;3;2;2;3;5;3;1;3;3;1;7;90;3;8;2.142857143;21.74;6.86;3.180938375;38.46;2.926666667;23;58.50555556;3.111111111;1.925294118;17.49705882;18.64411765;14.42625;5.246666667;48.31529412;38.22470588
587;BGM-0699;9;7;3;3;3;8;2;5;1;1;2;5;0;5;3;7;5;1;1;1;1;2;2;2;7;0;2;0;3;3;2;3;0;5;8;1.285714286;13.58;3.24;4.207440476;17.84;3.216666667;31;54.60333333;3.25;1.949166667;20.56583333;25.04166667;21.11363636;3.952;56.695;36.76666667
589;BGM-0702;7;7;3;3;2;6;3;5;2;1;1;5;1;2;3;3;5;1;1;1;2;2;2;2;3;3;2;1;3;3;2;7;90;5;8;1.25;13.46;3.36;4.037449221;10.46;2.453333333;23.11111111;62.10888889;3.444444445;2.230625;27.06533333;21.796;17.17071429;5.744545455;45.63666667;36.09153846
591;BGM-0706;5;5;5;5;2;6;3;3;4;2;1;5;1;2;3;3;5;1;1;1;3;0;1;3;7;3;3;0;3;3;2;7;80;3;8;1.4;19.36;4.44;4.34501332;25.34;2.06;20.77777778;50.16888889;3;2.2975;23.84416667;10.78833333;7.15;3.197142857;27.78916667;39.22090909
600;BGM-0726;9;7;5;5;2;9;3;5;4;1;1;3;0;3;3;7;5;1;1;1;3;3;1;2;7;5;2;1;3;3;2;5;100;1;8;1.25;10.58;2.52;4.276339523;14.6;1.596666667;22.10416667;54.88;3.833333333;1.804666667;12.532;12.47533333;7.811428571;5.095;48.69533333;34.93857143
609;BGM-0760;5;2;5;3;3;9;3;3;1;4;3;1;1;5;3;3;5;1;2;1;2;3;1;3;7;5;3;0;4;3;1;7;90;3;6;1;11.24;2.78;4.058768632;15.4;3.543333333;33;62.78333333;3.666666667;2.0425;16.45375;24.15375;21.42166667;4.921666667;54.095;31.63625
610;BGM-0776;7;7;9;9;3;9;2;7;4;2;3;5;1;5;3;3;5;1;1;1;3;2;2;2;7;5;2;1;3;5;2;7;100;3;8;1.6;17.14;4.14;4.156981982;19.8;3.64;24.66666667;65.14444444;3.777777778;1.9125;16.665;11.245;7.342727273;3.995714286;38.3125;32.739
612;BGM-0779;7;7;3;3;1;3;4;5;3;2;3;5;0;5;7;7;5;1;1;1;2;3;2;2;7;5;2;1;4;3;1;5;90;5;8;1;16.02;4.36;3.675264271;20.94;3.89;24.20833333;58.08166667;3.916666667;1.976363636;18.10363636;15.99545455;11.349;4.858888889;43.18;34.26222222
614;BGM-0780(B);9;9;5;7;3;8;2;5;1;3;1;5;0;3;3;3;5;1;3;1;2;2;1;2;3;5;2;0;4;3;2;5;100;5;8;1.75;13.34;4.3;3.108021673;21.6;2.428333333;20.42222222;63.08833333;4.333333333;1.7775;11.7775;14.78;8.906666667;3.883333333;52.1525;35.31
622;BGM-0793;9;5;5;5;1;3;4;5;2;2;3;5;0;2;3;7;5;1;1;1;3;2;2;3;7;5;3;0;3;3;3;3;90;3;8;1.6;14.8;5.28;2.799157458;25.3;1.526666667;25.77777778;49.50555555;3.222222222;1.69;10.3;15.715;11.57;3.318333333;59.68833333;34.99333333
642;BGM-0823;5;7;3;5;2;9;2;5;4;1;1;5;1;1;1;3;3;1;1;2;2;3;1;3;3;5;3;0;3;3;1;5;80;5;8;2;10.7;3.94;2.744166667;15.9;2.033333333;42;77.38666667;7.666666667;2.198;38.06733333;34.138;30.255;5.599;45.48466667;35.18666667
667;BGM-0867;7;3;5;3;3;9;3;5;4;1;1;3;1;5;3;3;5;1;4;1;3;1;1;2;7;5;3;0;4;7;2;5;100;1;8;1;12.62;4.28;2.977745673;17.86;1.48;22;68.67;6.666666667;2.191818182;24.68818182;15.03363636;7.835;8.47;31.78;35.9975
668;BGM-0868;7;5;3;5;2;8;1;7;4;1;1;5;1;5;3;3;5;1;3;1;2;0;1;2;7;5;3;0;4;7;1;7;90;5;6;1;17.2;4.94;3.481072429;29.86;2.186666667;52;61.26;2.666666667;2.635;40.155;32.985;29.09166667;5.065;45.90166667;38.295
670;BGM-0870;3;3;5;3;2;8;2;5;1;4;2;3;0;5;7;7;5;1;1;1;2;0;2;2;3;3;2;0;3;3;2;5;90;3;8;1.5;12.82;4.02;3.192426119;20.18;1.99;20.33333333;64.88222222;3.666666667;1.604444444;13.06555556;14.99555556;11.00285714;2.947142857;54.54111111;32.64222222
675;BGM-0877;7;2;5;3;3;9;3;5;4;1;1;5;1;5;3;3;5;1;4;1;1;0;2;2;7;0;3;0;3;3;3;7;0;1;8;2;13.08;3.3;3.972320789;20.16;2.11;24.44444445;62.55777778;3.166666667;2.546;40.71133333;30.15;25.33357143;6.991;39.17266667;39.36071429
676;BGM-0878;9;5;5;3;2;3;4;5;2;2;3;3;0;5;3;3;5;1;1;1;3;1;2;2;3;5;3;1;4;7;3;7;100;5;8;1.285714286;13.52;4.26;3.186071362;16.4;2.263333333;28;57.935;3.5;1.6705;15.512;18.8305;14.52210526;5.164117647;52.537;35.81842105
677;BGM-0879;9;9;5;3;3;6;2;5;4;4;3;7;0;5;1;3;5;1;1;1;3;0;2;3;7;5;3;0;4;3;2;5;70;3;8;2;16.18;1.5;10.82521008;13.76;2.77;25;61.58;3.444444444;1.95;19.4025;21.64375;16.21857143;5.305714286;51.23625;35.1825
678;BGM-0882;5;3;5;3;1;8;3;3;4;3;2;5;1;6;1;3;5;1;1;1;1;0;2;1;7;5;3;0;4;3;2;5;0;1;2;1.571428571;16.86;2;8.42122807;18.68;1.703333333;21.625;61.435;5;1.740909091;13.29818182;17.78;11.699;6.522;54.99909091;34.12363636
680;BGM-0885;7;3;5;3;2;7;2;5;4;3;2;5;1;5;1;3;5;2;1;1;3;2;1;4;7;5;3;1;4;NA;3;3;90;3;4;1;14.6;3;4.868281372;15.68;1.44;37.33333333;58.53333333;4.666666667;2.111818182;19.21727273;34.97272727;31.166;7.456666667;64.02090909;29.59
684;BGM-0890;7;1;5;3;3;8;2;3;4;4;1;5;0;6;3;7;5;1;1;2;3;2;2;2;7;3;3;1;3;7;1;7;80;5;4;1;11.84;2.54;4.699296703;12.3;1.453333333;31.33333333;80.64333333;3.666666667;2.27125;23.98875;18.4525;12.22142857;4.723333333;41.6975;37.625
689;BGM-0895;5;5;5;5;2;6;4;7;4;2;3;3;1;6;3;3;5;1;2;1;2;3;2;2;7;5;3;0;4;7;1;7;90;5;8;1;17.7;2.06;8.716497327;19.94;2.64;37;67.21;6;2.135;20.30875;23.235;19.44857143;2.173333333;54.65625;37.38125
693;BGM-0901;7;5;5;5;3;7;1;5;2;2;3;5;1;5;3;3;5;2;2;1;1;1;2;2;3;3;2;0;4;7;3;5;0;1;8;1;17.54;4.44;3.994923077;26.62;2.64;37;81.10666667;6;2.104285714;36.16785714;35.49428571;28.60615385;7.331111111;48.89571429;35.63857143
695;BGM-0903;5;7;5;3;2;5;3;5;4;1;1;5;0;5;1;3;5;1;3;1;2;3;2;3;7;5;3;0;4;3;2;7;90;3;8;1;15.64;2.78;5.666385642;20.4;2.763333333;21.91666667;64.9225;3.5;2.233333333;18.46166667;19.63416667;13.73454545;5.447272727;51.9825;35.94583333
705;BGM-0917;5;3;5;5;3;7;3;3;4;2;1;5;1;2;3;3;5;1;1;1;2;1;2;1;7;5;3;0;4;3;3;5;80;1;8;1.857142857;12.44;3.46;3.610772948;18.86;1.746666667;25.95833333;69.28583333;3.833333333;2.436153846;33.12692308;20.49153846;15.8275;5.091666667;32.87923077;36.96833333
713;BGM-0929;5;5;5;3;3;6;2;5;3;2;1;5;1;3;3;3;5;1;1;1;2;3;1;4;7;3;3;1;4;3;2;5;90;5;4;1.4;15.62;1.58;9.952381851;21.16;1.68;15.66666667;60.77333333;1.5;1.558;6.336;11.37;6.175;4.135;56.22;33.222
718;BGM-0934;5;1;5;3;3;9;3;3;4;1;1;7;1;2;3;3;5;1;2;1;1;0;1;2;7;5;3;0;4;3;1;7;0;5;8;2.25;19.22;6.76;2.848198657;30.66;2.396666667;27.89583333;63.18583333;5.208333333;2.05;22.35;21.76625;15.9925;5.775;48.955;34.76
720;BGM-0936;5;5;5;5;3;6;2;7;2;2;3;5;0;5;3;7;5;1;2;1;3;3;2;4;3;0;3;0;4;3;3;5;100;5;8;1.142857143;14.9;3.32;4.518184826;22.82;3.3;20.08333333;66.03666667;3.333333333;2.383333333;24.65;15.952;11.88642857;4.793571429;35.104;33.97384615
726;BGM-0944;5;5;5;3;1;5;3;3;4;4;3;5;0;5;3;7;5;1;1;1;2;2;1;2;7;5;3;0;3;3;1;5;90;1;8;2.333333333;13.4;3.64;3.682525431;18.62;3.6;29.83333333;81.78666667;4;2.324444444;23.56111111;24.76666667;20.54375;4.93625;47.11111111;34.61444444
735;BGM-0954;7;7;5;3;3;9;4;5;4;2;3;5;1;5;7;7;5;1;2;1;2;2;1;3;7;5;3;0;3;3;1;5;100;5;8;1.611111111;15.96;1.8;8.941944444;21.74;1.986666667;19.7925;45.36166667;3.665;1.902;17.73133333;5.434;2.937857143;3.039285714;20.728;35.22857143
739;BGM-0959;5;1;5;3;2;5;2;3;1;1;1;5;0;5;1;3;5;1;1;1;3;0;2;2;3;3;3;1;3;3;3;5;90;5;8;1.285714286;14.3;3.98;3.597539732;17.14;1.943333333;24.29166667;54.02666667;3.833333333;1.531428571;12.865;16.55571429;12.72461538;4.365384615;56.17428571;34.33428571
740;BGM-0960;5;7;5;3;3;8;3;5;2;2;3;3;0;5;7;3;5;1;2;2;2;3;2;3;3;3;2;1;4;3;2;5;90;5;8;1.444444444;12.52;2.54;5.001729194;18.86;2.776666667;16.335;45.9525;2.1675;1.955;15.30857143;4.493571429;2.337692308;2.578461538;19.68785714;34.97909091
746;BGM-0967;7;5;5;3;3;9;3;5;3;2;2;5;0;5;7;7;5;1;1;1;1;0;2;4;7;3;3;1;3;3;3;5;0;1;8;1.25;16;3.66;4.384346522;17.48;2.566666667;18.66666667;56.93916667;4.75;2.267857143;20.06142857;15.21;9.14;5.585;43.96714286;36.01285714
749;BGM-0972;7;5;5;7;3;6;3;5;4;1;1;3;0;5;1;3;5;1;1;1;3;3;1;2;7;3;3;1;3;5;1;5;80;3;8;1.8;15.44;4.8;3.219096788;23.16;2.53;21.33333333;62.47333333;3.833333333;2.203636364;16.15545455;14.30818182;10.52727273;3.780909091;42.14545455;36.66333333
754;BGM-0977;7;5;3;5;3;8;3;3;4;2;1;5;1;5;1;7;3;1;1;1;2;3;1;1;7;0;2;0;3;3;2;7;80;5;8;1.25;10.32;3.2;3.232546083;11.04;2.143333333;22.83333333;81.79666667;5.333333333;2.305;26.6275;23.36375;19.13285714;5.365;41;36.54714286
760;BGM-0983;3;3;5;3;3;6;2;3;2;2;2;5;0;5;1;7;5;1;2;1;2;3;2;2;3;3;3;1;3;3;2;5;100;5;8;1;11.24;3.66;3.088039953;17.56;2.093333333;23.33333333;48.7;2.111111111;1.807272727;12.29;9.71;8.148888889;3.13;40.31;36.58666667
761;BGM-0984;5;9;5;7;3;6;3;7;1;1;1;5;1;5;7;7;5;1;2;1;2;1;2;2;7;3;3;1;4;3;2;5;100;5;6;1.428571429;14.3;3.5;4.093586566;22.66;1.953333333;20.04166667;54.045;5.166666667;1.954444444;18.43444444;12.26666667;6.46625;4.1875;34.99333333;34.4975
763;BGM-0986;3;5;5;3;1;4;2;5;2;2;3;5;0;4;7;7;5;1;1;1;2;1;1;1;3;5;2;0;3;3;1;3;90;3;8;1.333333333;12.26;2.12;5.823527197;11.28;3.45;17.45666667;60.79166667;3.875833333;1.879333333;20.202;10.01266667;4.332857143;5.736923077;32.2;34.712
768;BGM-0993;5;7;5;5;1;8;4;5;3;3;2;5;0;5;3;7;5;2;1;1;3;1;2;2;7;5;3;0;3;3;2;7;90;3;8;1;16.78;4.46;3.78450936;21.94;1.73;20.47916667;52.99166667;4.041666667;1.5875;8.006666667;10.91583333;7.017272727;4.494545455;48.92083333;34.33909091
772;BGM-0998;7;2;5;3;3;9;3;3;4;3;2;5;1;4;3;3;5;2;2;1;2;2;1;2;7;5;3;1;4;3;1;5;100;5;4;1;14.22;2.26;6.386143486;13.42;1.513333333;22.91666667;49.8975;3.25;1.707777778;8.764444444;7.788888889;5.33;3.3725;41.47;36.27571429
774;BGM-1007;7;5;5;3;1;4;2;3;4;3;1;5;1;2;3;7;5;1;1;1;1;0;1;2;7;3;2;0;4;3;1;7;0;3;4;1.333333333;12.72;4.38;2.905639947;19.14;1.766666667;26.66666667;44.11;5;1.726;14.23;12.694;6.26;5.81;41.83;30.118
775;BGM-1010;7;7;3;5;1;3;4;5;4;4;1;5;1;5;3;7;5;1;2;1;3;3;1;2;7;5;3;0;3;7;2;5;90;1;4;1;15.64;4.64;3.36913783;30.56;1.96;25.66666667;59.93333333;2.666666667;2.14;30.64090909;35.49909091;32.402;6.303333333;54.16818182;35.535
776;BGM-1015;5;3;5;3;3;9;4;3;4;3;1;3;1;5;1;3;5;1;1;1;2;3;1;2;7;3;2;1;4;5;3;5;100;5;8;1.166666667;19.4;7.06;2.750250509;30.74;3.056666667;27.66666667;50.06333333;3.222222222;1.946363636;19.942;20.468;15.4875;4.038571429;47.339;33.993
785;BGM-1031;5;7;5;3;3;9;3;5;3;3;1;5;1;5;1;7;5;1;1;1;2;2;2;2;7;5;3;1;3;3;1;5;70;1;6;1.428571429;14.56;4.5;3.247412008;22.96;2.136666667;23.04166667;62.24833333;4.541666667;2.421538462;17.34615385;11.79692308;5.921666667;6.45;41.43615385;36.13583333
788;BGM-1040;5;5;5;5;3;7;2;5;1;3;1;5;1;5;7;7;5;1;2;1;2;1;1;1;7;5;2;1;3;3;3;5;90;3;8;1;13.7;4;3.426886088;20.54;2.406666667;33.94444445;59.97111111;3.333333333;1.792857143;13.78;11.31;9.646666667;3.026666667;42.04142857;35.47571429
805;BGM-1080;7;7;5;5;2;5;4;5;4;1;1;5;0;2;7;7;5;1;1;1;3;2;2;2;7;0;2;0;4;3;3;5;90;3;8;1.5;13.94;4.08;3.414425777;21.54;2.796666667;23.16666667;60.76666667;2.333333333;1.69125;10.96;16.06875;13.72;3.211666667;56.43125;33.05428571
809;BGM-1085;7;7;3;7;3;9;2;5;3;1;1;3;1;5;3;3;3;1;2;1;2;3;2;2;3;5;3;1;3;3;NA;5;120;5;6;1;11.5;3.38;3.400440942;16.5;1.63;27.33333333;92.55;2.333333333;2.604;33.346;30.42;34.815;2.43;47.516;39.444
822;BGM-1115;5;5;5;3;2;6;3;5;4;2;1;3;1;5;3;3;5;1;1;2;3;2;2;2;7;5;2;0;3;3;1;5;70;5;4;1.357142857;17.7;2.26;8.050116627;25;21.72666667;24.42416667;61.2025;3.8775;1.460714286;10.34857143;8.835714286;3.977692308;5.163846154;45.10071429;32.39461538
825;BGM-1119;7;5;5;3;3;9;3;3;4;1;1;5;0;9;3;3;5;1;1;1;2;1;2;2;7;5;2;1;4;3;3;5;70;5;8;1.444444444;13.72;1.94;7.089649123;16.34;2.243333333;18.435;63.11083333;3.9575;1.497272727;9.130909091;11.27818182;6.048;5.829;53.44636364;32.58909091
830;BGM-1124;5;7;5;9;3;6;2;3;3;1;1;3;1;5;3;3;3;1;1;2;1;0;2;2;7;3;3;0;4;3;3;5;0;1;8;2;13.78;4.18;3.303522484;19.66;2.783333333;23;49.46;4.666666667;2.101428571;40.63571429;23.86428571;19.595;11.07;36.29142857;29.99166667
835;BGM-1130;3;5;5;3;3;6;1;3;4;3;1;5;1;2;3;7;5;1;1;1;2;1;2;3;7;5;1;0;4;3;3;5;90;1;3;1;13.24;4.28;3.098854701;27.78;1.136666667;8.5;40.02;3.333333333;1.844285714;18.43285714;14.94571429;13.02833333;2.312;31.41142857;31.506
839;BGM-1136;7;3;5;3;2;6;1;3;4;4;2;5;1;6;3;3;5;1;1;1;2;1;2;3;7;3;3;1;4;7;2;5;100;1;6;1;15.44;1.8;8.61004472;19.26;2.916666667;29;71.17;5.333333333;2.060909091;26.55818182;26.559;22.32555556;7.263333333;49.051;35.8325
840;BGM-1137;7;7;5;7;3;7;1;5;2;4;3;5;1;5;1;3;5;1;3;1;3;2;2;3;3;5;2;1;3;3;3;7;100;5;8;1.222222222;13.72;3.7;3.739951834;13.66;2.276666667;23.61111111;57.65222222;2.166666667;2.054;12.91266667;6.958666667;5.491538462;2.678888889;32.11133333;34.59363636
846;BGM-1143;7;9;9;9;3;9;3;7;4;2;3;5;0;5;1;7;5;1;1;1;2;0;2;1;7;5;3;0;4;3;1;5;60;3;8;1.571428571;12.14;2.76;4.465533844;14.4;2.29;17.41666667;53.09666667;4.166666667;2.022142857;10.93214286;8.588571429;5.373846154;3.568461538;38.61214286;30.15384615
847;BGM-1144;5;5;5;5;3;7;2;5;4;2;3;3;1;5;7;3;5;1;2;1;2;2;2;2;3;5;3;0;4;3;2;5;90;3;8;1.8;14.6;4.94;2.971870748;17.54;4.26;26.46666667;73.83666667;3.666666667;1.8;22.25777778;13.95333333;8.514285714;7.348571429;44.82111111;34.38777778
856;BGM-1158;7;3;5;5;3;5;4;3;4;4;3;5;0;5;7;3;5;1;2;1;2;2;2;1;7;3;3;1;3;3;1;5;80;5;8;1.777777778;10.58;3.18;3.316685642;18.28;3.723333333;24.10833333;56.855;1.9175;2.025;28.684;15.73266667;10.63071429;7.371428571;27.23733333;36.20692308
859;BGM-1161;3;7;3;5;3;7;2;5;4;4;1;3;0;2;3;7;5;1;1;1;2;2;NA;2;7;5;3;0;4;7;1;5;100;5;3;2;10.46;3.58;2.930390721;15.96;2.353333333;17.2;49.10666667;3.666666667;2.2;20.4325;22.9425;19.64;1.91;44.7225;26.8875
861;BGM-1163;7;1;5;3;3;6;1;3;4;2;1;3;1;5;3;3;3;1;2;1;3;3;1;2;7;5;3;1;4;7;2;5;100;3;4;1;12.64;2.9;4.368696259;12.42;1.483333333;21.33333333;71.39;5;2.262666667;31.358;31.91533333;27.895;6.599;51.62;36.81133333
862;BGM-1164;5;9;5;5;3;8;1;5;1;4;3;5;0;9;7;7;5;1;1;1;3;1;2;1;3;0;3;0;4;3;2;7;100;3;8;1.777777778;14.78;2.48;5.948809524;19.66;2.93;24.81583333;65.3375;3.624166667;2.4075;21.391875;21.065625;15.63133333;7.210666667;47.6675;32.743125
865;BGM-1168;3;3;5;3;2;8;2;3;4;2;3;5;0;6;3;3;5;1;2;1;2;2;2;2;3;5;3;0;4;3;2;5;90;3;8;1.428571429;16.88;1.94;9.096052631;19.44;2.603333333;30.05;61.09;3.541666667;1.797692308;13.09;10.39846154;7.185;4.460833333;49.77538462;34.96846154
869;BGM-1176(M);7;7;3;5;2;5;4;5;3;2;1;1;0;5;3;7;3;2;2;1;3;3;2;3;7;5;3;1;3;3;1;5;100;4;2;1.25;12.6;3.28;3.848156879;15.22;1.34;30;53.46666667;7.333333333;2.075;19.1875;20.6125;17.81666667;5.07;52.4;34.3175
872;BGM-1179;3;1;5;3;2;3;4;3;4;1;2;5;0;5;3;3;5;2;2;1;2;2;NA;2;7;3;3;0;3;7;1;7;80;5;NA;NA;10.8;2.06;5.433355561;12.5;NA;NA;NA;NA;2.291666667;27.365;17.25666667;13.13833333;6.16;39.8;38.99
876;BGM-1185;5;5;5;3;2;3;4;7;4;1;1;5;1;5;3;3;5;1;1;1;3;3;2;3;7;5;3;1;3;7;2;7;70;3;8;1;19.76;5;3.959126941;26.52;1.936666667;26;54.98222222;4;2.300833333;20.31833333;13.70416667;8.842727273;4.787142857;39.15333333;36.354
880;BGM-1190;9;3;5;3;3;6;1;5;3;4;2;5;1;2;3;3;5;1;3;1;2;2;1;2;7;5;3;1;4;7;2;7;100;5;8;1;15;6.22;2.412933934;17.14;2.053333333;23.44444445;56.25555556;3.333333333;2.106666667;17.82416667;16.70583333;14.09090909;3.717142857;48.15;32.58416667
881;BGM-1191;7;9;7;9;3;9;3;5;4;4;2;5;0;5;1;3;5;1;3;1;1;1;1;2;7;3;3;1;4;7;1;7;80;3;8;1;9.3;2.8;3.354560745;9.92;1.04;26;59.35666667;7.333333333;2.058;13.172;17.099;13.17666667;7.588;56.696;30.771
891;BGM-1210;3;1;5;3;2;3;4;3;3;2;2;7;1;3;3;3;5;1;2;1;3;2;2;3;7;5;2;1;3;3;1;7;110;5;8;1.2;17.48;3.98;4.400341402;20.24;2.79;24;63.35;3.666666667;2.0325;20.11666667;12.94416667;9.155454545;5.205714286;38.46333333;35.727
892;BGM-1212;7;5;3;7;3;5;4;7;4;1;1;3;1;5;1;3;3;1;2;1;3;2;2;2;7;0;3;0;3;5;2;5;95;4;8;1;13.08;3.84;3.409147787;19.08;3.273333333;46;39.76;3.333333333;2.132;20.042;5.538;1.095;1.84;21.052;37.975
893;BGM-1213;5;5;5;3;3;9;2;5;4;1;3;3;0;5;1;3;5;1;2;1;2;3;2;4;7;3;3;1;3;3;2;7;90;5;8;1.5;11.92;2.94;4.071787029;17.6;3.48;28.84583333;61.32333333;3.459166667;1.899333333;15.302;15.31066667;10.01214286;7.352142857;49.51733333;37.00466667
895;BGM-1217;5;5;5;5;3;9;1;5;3;2;1;5;1;5;3;7;5;2;2;1;2;1;2;1;7;0;3;0;4;3;2;5;100;5;8;1.5;12.32;3.66;3.378993796;14.02;4.65;23.33333333;58.14666667;7.666666667;1.71;24.938;18.336;10.545;5.71;38.59;35.854
896;BGM-1218;9;5;5;3;2;8;1;3;1;3;1;3;1;5;3;3;5;1;3;1;1;0;1;2;7;5;3;1;3;7;2;5;0;4;8;1;12.9;4.16;3.108415561;15.74;2.163333333;35;43.08333333;3.333333333;1.958;26.986;4.624;2.9925;1.28;22.454;31.165
902;BGM-1224;5;7;5;5;3;8;2;5;4;4;2;3;1;5;3;3;5;1;1;1;2;3;1;4;7;3;3;0;3;3;3;5;80;5;8;1;12.1;2.8;4.328818345;14.46;4.25;32;103.6666667;1.666666667;2;22.94166667;14.755;11.946;2.188;27.45333333;31.648
904;BGM-1226;5;7;5;3;3;8;2;5;3;4;2;3;0;5;3;3;5;1;1;1;2;3;2;2;7;5;3;0;4;7;1;3;80;1;8;1.428571429;14.84;3.14;4.759236459;25.6;2.373333333;25.91666667;64.01833333;3.25;2.084285714;27.26857143;17.40142857;11.27;8.264166667;37.195;33.66076923
913;BGM-1252;7;5;5;3;3;7;1;5;1;1;1;5;1;2;7;3;5;2;2;1;3;2;2;2;3;0;3;1;4;7;3;5;100;5;4;1.142857143;17.3;5.26;3.2947447;25.4;1.883333333;20.41666667;53.57;2.291666667;1.736666667;12.39181818;11.55181818;9.624;2.29;35.80272727;35.36888889
914;BGM-1253;5;1;5;3;1;3;4;3;4;2;1;5;0;5;7;3;5;1;1;1;3;3;1;2;7;3;3;0;4;3;1;5;90;5;4;1.333333333;14.42;3.62;4.007118756;15.66;1.983333333;29.875;66.44416667;6.125;1.726363636;21.60545455;34.13181818;25.83888889;15.85888889;58.38727273;30.58454545
916;BGM-1255;5;2;5;3;2;5;2;3;4;1;1;3;0;3;7;7;3;1;1;2;3;3;2;2;7;5;2;1;3;3;2;3;100;5;6;1;18.18;5.74;3.16976716;24.22;1.963333333;21.375;49.9075;2.916666667;1.329285714;10.02785714;11.52428571;6.861538462;4.336666667;51.89928571;32.87769231
927;BGM-1270;7;5;5;3;3;6;1;5;1;3;1;5;1;6;3;3;3;1;1;1;3;3;2;2;3;5;3;0;3;7;2;7;80;1;6;1;16.34;2.66;6.480885485;22.38;0.953333333;33.33333333;56.45;4.333333333;1.743636364;11.04727273;16.62555556;12.0125;6.296666667;54.83888889;33.22777778
937;BGM-1283;3;3;5;3;2;6;1;3;1;1;1;3;1;2;3;3;5;1;2;1;3;0;1;2;3;5;3;0;4;7;2;5;80;5;8;1;14.66;5.92;2.476130478;29.84;1.983333333;27.66666667;82.09333333;2;1.709285714;24.94642857;29.90785714;28.26923077;3.29;50.06857143;33.925
946;BGM-1293;7;3;5;5;3;6;4;5;4;3;1;5;1;5;3;3;5;1;1;1;2;0;2;4;7;5;3;1;3;3;3;5;80;3;8;1.4;12.72;3.5;3.659422602;16.74;1.45;19.94444444;55.72;5.555555556;1.672;11.052;9.87;6.8975;4.05;49.196;33.392
947;BGM-1294;5;7;5;5;1;3;3;5;4;4;1;5;1;5;3;3;3;1;1;1;1;0;1;2;7;3;3;0;4;3;3;5;0;5;6;1.6;11.5;3;3.825612276;22.72;1.533333333;23.04166667;52.62833333;4.708333333;1.877;14.414;8.781;4.048888889;5.188888889;40.158;33.337
953;BGM-1303;5;1;5;3;2;7;2;3;3;3;1;5;0;5;3;3;5;1;2;2;2;2;NA;1;7;3;3;0;4;3;2;3;90;5;8;2;13.16;2.68;4.899522145;18.44;2.09;17.66666667;44.33;1.666666667;1.596666667;9.893333333;3.513333333;0;3.513333333;18.30666667;31.35
957;BGM-1308;5;3;5;3;3;6;2;3;1;1;1;5;0;2;3;3;5;2;1;1;2;2;NA;2;3;5;2;1;3;3;1;3;100;3;NA;NA;13.62;4.08;3.341637631;19.98;NA;NA;NA;NA;2.36;32.03333333;11.28333333;7.43;5.085;25.17;37.40666667
962;BGM-1314;5;3;5;3;3;7;1;3;3;3;1;3;1;5;3;7;5;2;2;1;2;3;2;2;7;3;2;0;4;7;3;5;90;5;8;1;11.36;3.28;3.473127413;16.98;2.513333333;31;50.71333333;2.333333333;1.734;17.442;7.57;3.1675;3.905;31.002;33.792
963;BGM-1315;3;5;3;5;3;7;2;5;3;1;1;5;1;5;3;7;5;1;2;1;3;2;2;2;7;0;2;0;4;3;1;3;60;3;4;2;16.42;4.58;3.616452539;24.82;2.09;29.625;51.87416667;5.333333333;1.868888889;26.63888889;21.26333333;14.52428571;5.788571429;44.77555556;35.37625
968;BGM-1321;7;1;5;5;2;4;2;5;4;3;1;5;1;2;3;3;5;1;2;1;3;2;2;3;7;5;3;0;4;3;1;5;90;5;6;1;16.1;5.38;3.011161923;21.98;2.343333333;24;66.04;5;1.82375;25.54;28.885;25.74857143;5.87;51.87875;36.2225
969;BGM-1323;9;3;5;3;2;7;1;5;3;1;1;5;1;5;3;3;5;1;4;1;2;2;2;2;7;5;3;0;4;3;1;3;110;3;8;1.285714286;14.02;5.7;2.458535851;23.98;4.08;36.95;57.90833333;3.083333333;1.765454545;18.24909091;14.2;11.635;3.916666667;38.72909091;36.69666667
971;BGM-1325;7;7;5;5;1;7;1;5;1;1;1;3;1;3;3;7;5;1;2;1;3;2;2;3;3;5;3;0;4;3;3;5;100;5;8;1.25;13.14;3.06;4.307797619;17.26;2.713333333;33;60.02666667;3.333333333;1.95125;37.8875;12.4125;9.341428571;4.183333333;26.875;37.065
974;BGM-1328;7;7;5;5;1;3;4;5;4;4;1;5;1;2;3;7;5;1;1;1;2;2;2;3;7;0;3;1;3;5;2;3;90;5;4;1;17.84;6.18;2.884630944;26.46;3.056666667;26.33333333;59.98666667;3.666666666;1.916;23.595;17.921;15.78777778;3.74;41.283;34.819
983;BGM-1339;5;3;5;3;2;8;4;3;4;1;1;5;1;9;3;7;5;1;1;1;2;0;1;3;7;0;3;0;3;5;1;5;80;5;6;2.5;15.68;2.36;6.698993266;21.48;4.076666667;23.55555555;64.97111111;2.555555556;1.4;19.6525;7.33;3.226666667;2.986666667;27.4675;35.6825
985;BGM-1344;7;7;5;3;3;7;2;5;1;3;1;5;1;2;3;7;5;1;1;1;2;1;2;1;3;5;3;1;3;7;1;5;90;5;4;1;18;4.02;4.515457158;21.56;2.326666667;17.66666667;60.25777778;2.555555555;1.792857143;11.56;8.165714286;4.681666667;4.285;41.07;32.88857143
992;BGM-1353;5;7;5;3;2;8;2;3;4;1;1;3;1;5;3;7;5;1;2;1;2;3;NA;2;7;5;3;1;4;3;1;3;140;5;NA;1;12.76;3.6;3.547443609;13.52;4.056666667;43;62.96;4.333333333;2.14;32.6775;11.29;5.505;5.653333333;27.545;34.61
994;BGM-1355;5;5;5;3;3;9;3;5;4;3;2;5;1;5;3;3;5;1;2;1;3;3;1;2;7;0;1;1;3;3;1;5;60;3;4;1;10.4;3.98;2.618901099;10.72;1.13;28.88888889;63.89555556;3.222222222;1.345;8.868333333;11.58666667;10.26;5.512;55.00666667;27.678
998;BGM-1360;3;3;5;3;3;7;1;3;1;1;1;5;1;5;3;3;5;1;2;1;2;1;2;3;3;3;3;1;4;3;2;5;70;3;4;1.333333333;18.94;5.62;3.365071581;25.04;2.306666667;36.44444444;60.65777778;3.444444444;1.60625;8.74625;5.0625;2.271666667;2.86;39.4525;34.86428571
999;BGM-1361;7;7;5;5;2;5;2;5;4;1;1;3;1;5;3;7;5;1;1;2;1;2;2;3;7;5;2;0;3;3;1;5;0;1;3;1.666666667;14.9;3.24;4.809406421;24.34;1.19;24.33333333;66.09;6.666666667;2.503076923;31.15230769;27.14230769;23.32090909;4.862857143;46.20769231;34.63307692
1000;BGM-1362;5;7;3;5;2;3;3;5;4;3;1;3;0;5;7;7;5;1;2;1;2;2;1;2;7;5;3;1;3;3;2;5;80;5;3;1.333333333;15.62;5.08;3.080812189;22.48;2.793333333;32.5;53.75416667;5.125;1.7564;18.9512;15.1128;9.9525;6.496;39.7184;35.15454545
1003;BGM-1365;7;3;5;3;2;5;4;3;4;2;1;5;1;3;3;3;5;1;1;1;1;0;1;2;7;5;3;0;4;7;3;5;0;1;4;1.4;18.04;4.12;4.383639044;21.04;3.193333333;17.66666666;56.76777778;3;1.77125;13.1725;6.938571429;2.73;3.821666667;36.97571429;29.464
1019;BGM-1386;7;2;5;3;2;7;1;3;1;3;1;5;1;5;3;3;5;1;2;1;1;0;1;4;3;0;3;0;3;3;3;3;0;3;8;1.4;19.52;5.28;3.702147523;26.08;3.593333333;29.45555556;67.98777778;3.777777778;1.921111111;20.38111111;20.63333333;17.615;4.342857143;48.70666667;34.62444444
1021;BGM-1388;7;3;5;9;3;9;3;5;4;1;1;3;0;5;3;3;3;1;1;2;2;2;2;2;7;0;3;1;3;3;2;5;120;5;8;1;15.24;4;3.792036699;22.22;3.596666667;26.77777778;73.13555555;4.555555555;1.854;21.339;27.709;23.62;6.53625;56.475;35.912
1023;BGM-1390;7;1;5;3;2;5;4;3;1;1;2;5;1;3;1;7;5;1;2;1;2;2;2;2;3;0;2;0;4;NA;2;3;120;3;8;2.25;17.74;4.48;3.970635734;27.18;3.016666667;28.33333333;59.94333333;6.666666667;2.3775;28.715;23.9325;19.96666667;5.956666667;46.6475;37.2025
1024;BGM-1393;9;3;3;3;1;3;4;5;2;1;1;5;1;5;3;7;5;1;1;1;1;0;1;1;7;0;3;1;3;5;2;3;0;5;3;1.4375;13.18;4.76;2.774542622;20.04;2.346666667;23.53666667;61.18333334;3.722222222;2.027272727;19.19;14.47727273;7.721111111;4.181111111;45.86272727;35.921
1028;BGM-1398;7;3;5;3;3;7;1;3;1;2;1;7;1;2;7;3;5;1;2;2;3;3;1;2;7;5;3;0;3;7;3;7;110;5;8;1.25;12.76;3.98;3.209553268;19;2.923333333;25.33333333;78.77666667;3.666666667;2.018095238;28.35142857;19.24619048;15.7815;3.984;39.0447619;34.21421053
1038;BGM-1412;7;3;5;3;3;7;1;3;4;2;1;5;0;5;3;7;5;1;1;1;3;2;2;1;7;0;3;1;4;3;1;5;90;3;6;1.285714286;16.24;4.36;3.74111812;16.14;2.756666667;25.95833333;60.79333333;4.625;2.110833333;29.8975;19.91916667;13.93545455;7.53;39.8525;35.91166667
1047;BGM-1423;3;1;3;3;3;9;3;3;4;4;1;5;0;5;3;3;3;1;1;1;3;3;2;2;7;5;3;0;3;7;1;5;100;5;3;1;14.24;3.86;3.694718858;21.78;1.416666667;28.66666667;57.49666667;6.333333333;1.958666667;28.672;36.88;31.81857143;6.644;55.23133333;35.12357143
1048;BGM-1424;5;3;5;3;2;3;4;3;4;1;1;5;0;5;3;7;5;1;1;1;1;0;2;4;7;0;3;0;4;3;3;3;0;5;6;1;15.84;4.4;3.60252341;21.36;1.97;44.33333333;60.23333333;5.666666667;1.684;13.944;18.95;10.1625;7.385;57.672;38.44
1050;BGM-1426;9;3;5;5;1;4;2;5;3;1;1;5;1;2;3;7;5;1;2;1;3;1;2;3;7;0;3;1;4;3;2;3;100;5;8;1;14.26;5.24;2.724200901;20.54;1.536666667;28.33333333;54.53;3.333333333;1.696;13.194;11.168;8.68;3.345;44.522;37.108
1065;BGM-1447;3;7;5;3;3;7;3;5;1;1;1;5;0;5;3;3;5;1;3;1;2;1;2;2;3;5;2;0;3;5;2;5;90;1;4;2;13.8;3.86;3.59047903;20.14;2.786666667;26.33333333;63.67333333;6.083333333;2.451428571;33.49761905;19.3347619;12.874;7.814736842;36.89857143;36.24
1068;BGM-1451;5;5;5;3;3;9;4;5;3;4;1;3;1;5;7;7;5;1;2;1;2;2;2;2;7;5;2;0;3;3;2;5;100;5;3;1.25;10.58;3.64;2.912653813;15.84;1.616666667;23.05555555;47.60555556;2.777777778;1.875833333;18.23;6.664166667;3.190909091;3.529090909;33.33083333;34.8475
1069;BGM-1452;7;5;5;5;2;8;3;3;1;1;1;5;1;8;3;7;5;1;1;1;2;2;1;1;3;5;2;1;4;7;3;5;90;5;8;1.333333333;12.64;3.88;3.260445231;14.7;1.183333333;20.33333333;54.02666667;2.666666667;1.929;15.939;10.173;6.783333333;2.87;35.12;33.7975
1092;BGM-1485;7;5;5;5;2;8;2;5;4;2;1;5;1;5;3;3;5;1;1;1;2;0;2;1;7;0;2;0;4;7;1;3;80;1;8;1;17.98;4.6;3.909649759;32.4;3.19;19.33333333;60.62666667;1.888888889;1.931428571;18.00857143;10.30714286;5.65;4.616;34.28428571;30.33666667
1102;BGM-1496;5;5;5;3;3;7;1;5;4;2;2;5;1;2;3;3;3;1;1;1;2;1;2;2;7;3;2;0;3;3;1;3;80;1;4;1.2;14.62;5.08;2.878291317;23.32;2.103333333;22;61.47555555;4.222222222;1.796666667;11.55666667;11.67833333;7.202;5.268;53.41833333;34.465
1106;BGM-1502;9;3;3;5;3;9;2;7;3;1;2;3;1;2;3;3;3;1;1;1;2;3;2;2;7;5;3;0;4;3;2;5;90;3;4;1.2;12.34;4.78;2.580133272;20.72;3.61;31.66666667;75.28333333;4;1.981;12.998;17.084;11.37666667;7.044444444;56.085;35.82
1107;BGM-1502(M);7;3;3;7;3;9;4;7;4;2;2;3;1;5;1;3;3;1;3;1;2;2;2;2;7;3;1;1;3;3;3;3;90;5;3;1.75;16.66;5.58;2.987416569;25.78;1.806666667;24.44444444;50.52111111;5;1.9025;16.7925;15.8775;6.183333333;4.506666667;47.6075;35.0475
1116;BGM-1517;3;5;5;3;2;5;4;5;4;4;1;5;1;2;3;3;5;1;3;1;2;2;2;2;7;3;3;1;4;3;1;7;100;5;4;1;20.16;5.16;3.914899105;28.62;2.046666667;26.55555555;57.35;5.555555556;2.2575;27.6025;18.7975;13.85363636;7.075714286;39.4125;36.4675
1125;BGM-1532;3;7;5;3;3;9;3;3;4;2;1;5;1;2;3;7;5;1;2;1;2;1;NA;2;7;0;3;0;4;7;1;3;100;5;NA;3;14.44;4.56;3.172262626;21.16;2.566666667;17.33333333;49.55666667;1;2.0275;22.7025;20.295;14.91;5.79;39.325;28.525
1130;BGM-1540;7;5;5;3;3;7;1;3;1;1;1;5;1;6;1;3;5;1;1;1;2;2;NA;4;7;5;3;0;4;3;3;5;90;3;NA;2;13.02;1.88;7.054126984;15.12;3.18;16;66.12333333;1.333333333;2.02;24.65;3.99;0;3.99;13.94;34.23
1138;BGM-1550;7;3;5;3;3;9;3;3;3;2;1;5;1;5;3;3;5;1;1;2;1;0;2;3;7;5;3;0;3;7;1;5;0;1;4;2;13.28;4.32;3.074146341;17.5;1.863333333;29.33333333;66.87;5.666666667;2.02875;14.22125;23.1575;17.53285714;7.103333333;59.98625;32.5025
1147;BGM-1569;7;1;5;3;1;5;2;3;4;4;2;5;0;5;3;3;5;1;1;1;3;2;1;3;7;5;3;1;3;7;1;7;100;1;4;1;18.72;5.38;3.48163762;25.06;1.19;32.66666667;52.82666667;6.333333333;1.805454545;14.74545455;19.04454545;13.47;6.395555556;56.40818182;32.33181818
1148;BGM-1573;7;7;5;5;2;5;4;5;4;1;1;3;1;5;1;3;3;1;1;2;2;3;1;3;7;5;3;1;4;7;2;7;90;3;NA;1;9.9;2.88;3.482599256;15.46;1.266666667;26;47.18666667;4;1.606666667;12.42666667;7.58;5.21;3.645;38.76;40.815
1157;BGM-1585;9;5;5;5;3;9;3;5;4;4;2;5;0;2;7;3;5;1;2;1;2;2;2;3;7;3;3;0;3;3;2;7;80;1;6;1.214285714;15.44;5.3;2.926987048;20.64;2.606666667;27.58333333;57.8025;6.458333333;2.031818182;19.15181818;17.78636364;11.468;8.027;50.69545455;34.39454545
1160;BGM-1588;9;5;5;5;1;3;4;5;4;4;2;3;0;5;7;7;5;1;1;1;2;1;2;2;7;0;3;0;4;3;1;3;80;3;8;1;15.26;4.9;3.111994291;22.32;1.593333333;28.66666667;67.66666667;6;1.88;23.388;19.314;14.8;3.915;45.162;38.296
1172;BGM-1605;3;7;3;3;2;3;4;5;4;1;2;5;1;6;3;3;5;1;1;1;2;2;2;4;7;5;3;0;3;3;3;5;70;3;8;1.5;15.4;2.98;5.20398569;21.3;2.42;24.77777778;64.48555556;4.613333334;1.654615385;13.67461538;21.25461538;14.7325;9.314166667;60.25615385;34.26615385
1177;BGM-1610;7;5;5;5;2;3;3;5;4;4;3;5;1;5;3;3;5;1;1;1;2;1;1;2;7;5;3;1;3;3;2;5;90;3;3;1.666666667;12.12;4.3;2.818967256;22.1;2.31;21;63.7;7.666666667;2.059411765;24.24294118;22.00176471;16.11466667;7.659285714;46.72352941;31.49882353
1188;BGM-1623;7;2;5;3;3;6;1;5;4;1;1;5;0;5;7;3;5;1;2;1;3;3;2;2;7;5;2;0;4;5;2;5;100;5;8;1.2;15.74;3.78;4.165320786;25.38;2.543333333;28.33333333;68.74666667;4;1.8;26.21294118;43.71941176;40.31125;8.446666667;62.66058824;32.12705882
1196;BGM-1633;5;1;5;5;2;8;2;3;3;2;1;5;1;5;3;3;5;1;1;1;2;1;2;2;3;5;3;0;3;3;1;5;90;1;8;1.8;13.62;2.06;6.626473001;16.62;3.03;31.88888889;53.54666666;3.444444444;1.338333333;8.66;8.36;5.474;4;46.36;32.112
1212;BGM-1657;5;5;5;3;2;5;4;5;4;2;1;5;1;5;1;7;5;1;1;1;2;2;1;3;3;5;3;0;4;3;1;5;90;5;3;1.428571429;10.94;3.14;3.492230135;15.02;2.496666667;23.16583333;59.92666667;5.25;1.830833333;22.02333333;17.57;11.30909091;8.116363636;47.89166667;34.03636364
1236;BGM-1686;7;3;3;3;3;7;1;3;1;1;1;5;0;3;3;7;5;1;1;1;1;1;1;2;3;5;2;0;4;3;3;3;0;5;8;1.142857143;14.44;3.34;4.320504202;22.32;2.543333333;21.58333333;64.415;2.458333333;1.746666667;15.7275;11.4325;7.461818182;4.027;44.64833333;32.98818182
1243;BGM-1695;9;3;5;3;1;4;1;3;1;1;1;5;1;2;3;7;5;1;2;1;1;0;2;1;3;0;2;0;3;7;1;3;0;3;8;1.2;20.72;6.74;3.074146325;30;2.316666667;30;55.13111111;5;2.102;19.38;21.712;15.105;5.2825;54.458;34.58
1244;BGM-1696;7;1;5;3;2;9;4;5;4;2;1;5;1;2;7;3;5;1;2;1;1;2;1;2;7;5;2;0;3;5;2;7;0;5;8;1;14.5;4.76;3.047218939;27.54;3.023333333;28.16666667;52.33166667;3.583333333;1.913043478;18.09217391;23.28227273;17.51095238;5.5;54.48727273;36.22318182
1257;BGM-1709;5;7;5;5;3;8;2;7;3;2;3;3;0;5;3;7;5;1;1;1;2;1;2;1;7;0;3;0;3;3;1;5;90;3;8;1.142857143;14.24;3.66;3.900666454;20.58;2.706666667;23.625;68.38083333;4.916666667;2.283076923;18.55230769;18.91923077;11.96333333;6.506666667;47.12;32.73923077
1270;BGM-1723;7;9;5;5;2;6;1;7;3;1;1;3;1;5;3;3;5;1;1;1;1;1;1;2;7;5;2;0;4;NA;2;7;0;3;8;1;12.14;3.24;3.774677419;21.68;2.443333333;31;59.90333333;3;1.829375;18.63;28.34571429;22.78538462;6.203636364;59.435;35.955
1274;BGM-1727;9;7;5;5;2;5;4;5;4;3;1;5;0;5;3;3;5;1;1;1;2;2;2;2;7;5;2;1;3;7;1;7;90;5;6;1.25;15.04;4.32;3.489880816;24.94;2.49;30.95833333;70.28;5.416666667;1.643333333;17.52833333;26.87833333;18.38272727;9.734;59.57583333;34.19
1277;BGM-1730;5;3;5;3;3;9;3;3;3;2;1;5;0;5;1;3;5;1;1;1;2;1;1;2;7;5;3;0;3;3;3;3;80;5;4;1.75;9.78;3.54;2.77639836;17.12;2.85;22;50.25222222;3.333333333;2.100625;21.858125;17.686875;11.636;5.161428571;42.941875;35.43733333
1282;BGM-1735;5;3;5;3;2;9;3;5;4;1;2;5;0;2;1;3;5;1;1;1;3;1;1;2;7;5;3;0;3;3;1;5;80;3;8;1.4;18.32;2.42;7.601916084;22.46;1.713333333;26.33333333;58.06555555;5.444444444;1.8875;15.855;21.7675;19.39428571;13.85;55.79125;37.14875
1288;BGM-1741;7;5;5;5;3;9;3;5;3;1;2;5;1;9;7;3;5;1;3;1;2;2;2;2;7;5;2;0;3;7;2;5;90;3;8;1;19.58;3.58;5.530456189;24.4;1.893333333;29.66666667;52.01333333;4;2.401428571;24.80214286;19.31642857;14.48692308;5.11;44.27384615;35.82
1293;BGM-1746;5;1;5;3;3;7;1;3;2;2;3;5;0;5;7;3;5;1;1;1;2;2;1;2;3;3;3;1;3;3;1;3;80;5;8;1.25;12.72;3.64;3.496415602;18.88;2.216666667;26.88888889;47.30111111;2.555555556;1.508571429;10.16285714;16.12714286;8.754285714;5.527142857;59.91142857;35.26
1299;BGM-1752;7;7;5;3;2;5;3;5;4;2;3;7;1;9;3;3;5;1;1;1;2;2;2;2;7;3;3;0;4;3;2;5;90;5;8;1.5;15.5;1.38;11.4627451;20.5;2.9;25.5;71.05166667;6.375;1.767272727;16.76181818;21.65818182;16.228;6.71;56.64818182;34.30909091
1303;BGM-1756;5;9;5;3;3;7;1;7;3;4;2;5;0;5;3;3;5;1;2;1;2;1;2;2;7;5;3;0;4;3;3;5;90;5;6;1.571428571;10.24;2.7;3.799252374;14.66;2.383333333;28.08333333;59.94416667;4.625;1.790909091;11.07818182;15.44454545;10.174;4.456;55.54363636;36.68727273
1305;BGM-1759;7;3;5;3;2;5;4;3;1;2;3;3;0;5;7;3;5;1;2;1;2;3;1;2;3;0;2;1;3;7;3;5;90;5;8;1.428571429;15.5;5.28;2.982066013;21.5;2.526666667;34.72222222;60.77555555;3.888888889;1.805833333;14.96166667;13.50666667;7.711818182;4.626;47.98166667;36.22166667
1306;BGM-1759(B);7;3;5;3;2;4;1;3;3;1;2;3;1;5;1;3;5;1;2;1;2;1;1;2;3;5;1;1;3;3;1;3;100;3;NA;1.333333333;18.58;4.34;4.299013597;28.28;2.2;20;48.34444444;2.444444445;2.05;19.03;8.88;5.695;3.11;30.91;37.28666667
1307;BGM-1760;5;7;5;5;2;5;4;7;4;1;1;3;0;5;1;3;5;1;1;1;2;1;1;2;7;3;3;1;4;3;2;5;70;5;8;1;13.36;2.9;4.617980295;23.4;2.35;25.3125;70.34416667;4.791666667;1.818461538;17.46;24.87769231;18.6025;8.768333333;55.43923077;36.71692308
1318;BGM-1771;3;3;5;3;2;5;4;5;4;1;1;5;1;3;3;3;5;1;1;1;3;3;2;2;7;3;3;0;3;3;2;5;90;3;4;1.5;12.98;3.92;3.313410963;24.04;1.833333333;33.66666667;63.58;8;2.164;27.99066667;32.044;27.61428571;5.627;51.858;32.20769231
1328;BGM-1810;5;7;5;3;3;7;1;5;2;2;1;5;1;2;3;3;5;1;1;1;2;2;1;2;3;5;2;1;4;7;2;5;90;3;2;1.416666667;16.46;4.42;3.757895499;17.04;2.07;22.33333333;64.49666667;3.666666667;2.236862745;26.97607843;30.03745098;23.8858;7.969387755;52.46254902;34.9326
1336;BGM-1822;5;7;5;5;3;6;2;5;2;1;1;5;0;9;3;7;5;1;1;1;2;1;2;2;7;3;2;0;4;7;2;5;90;3;4;1.428571429;18.52;3.14;5.93991342;23.3;2.12;26.35416667;56.99583333;4.958333333;2.165;15.69071429;14.01;10.03769231;4.525;45.91285714;33.77571429
1338;BGM-1828;7;7;5;3;3;8;2;5;2;1;2;5;0;2;7;7;5;1;1;1;2;2;2;1;3;5;2;0;4;7;1;7;80;3;8;1.5;13.96;4.04;3.452997433;17.26;2.88;20;53.3;7.333333333;2.34;26.59375;17.82375;13.56142857;4.431666667;38.145;34.45625
1343;BGM-1837;7;9;5;5;3;7;2;7;1;1;1;5;1;5;3;7;5;2;2;1;2;3;1;2;3;0;3;0;3;3;3;5;90;5;8;1.4;12.88;3.54;3.677437533;21.7;2.43;20;53.41333333;3.666666667;2.057777778;32.46777778;19.43222222;16.8375;4.072857143;34.24444444;36.01777778
1350;BGM-1873;9;3;5;9;2;5;4;5;4;3;2;5;1;4;3;7;5;1;1;1;2;0;1;2;7;0;3;0;4;NA;2;3;90;3;6;1.25;14.76;3.84;3.853063777;20.68;1.736666667;23.33333334;56.38444444;4.888888889;2.215714286;23.58857143;16.36857143;8.503333333;9.28;42.35857143;30.585
1351;BGM-1876;7;5;5;5;3;9;3;7;4;3;1;5;1;5;3;3;5;1;2;2;4;NA;1;2;7;5;2;0;3;3;3;7;100;5;8;1;16.08;4.52;3.564534802;20.48;1.963333333;42;62.69;2.666666667;2.264285714;26.51071429;34.10642857;31.42538462;4.57;56.21857143;37.54230769
1355;BGM-1884;5;3;5;3;3;9;3;3;4;2;3;7;1;5;1;7;5;1;1;1;3;2;2;4;7;5;3;1;4;7;2;5;70;5;8;1.333333333;12.84;3.16;4.122792208;23.8;1.29;21.125;52.98333333;4.041666667;2.155833333;23.09583333;13.14166667;8.356363636;5.648;31.45;27.25333333
1360;BGM-1969;7;3;5;3;2;3;2;3;3;4;2;5;0;5;3;3;5;1;3;1;2;3;1;2;7;5;3;0;4;3;1;7;110;3;4;1;18.6;5.64;3.306491433;23.94;1.476666667;23.66666667;45.84;4.666666667;1.91125;11.95;14.2175;10.56428571;5.345;52.86375;32.50125
1363;BGM-1985;3;7;5;9;3;9;2;7;3;2;3;3;0;5;7;3;5;1;2;1;3;3;2;1;3;5;3;0;4;3;2;5;90;5;8;1.285714286;12.74;3.56;3.590410415;14.5;2.513333333;16.83333333;47.3575;3.458333333;2.088333333;19.28083333;10.20416667;6.213636364;4.031818182;33.6875;36.205
1369;BGM-2025;7;7;3;3;3;6;2;3;4;1;2;3;1;4;3;7;5;1;1;1;3;2;1;3;7;5;3;1;3;3;1;5;105;5;8;1.142857143;13.02;2.57;5.064888634;14.09;2.483333333;27.75;57.655;4;1.626;18.318;14.422;10.42666667;6.622222222;47.547;35.299
1372;BGM-2029;7;3;3;3;3;5;4;3;4;3;2;5;1;5;3;3;3;1;2;1;2;3;2;3;7;5;2;0;3;7;1;3;100;5;8;1.2;15.14;3.58;4.234967812;27.8;2.925;29.16666667;60.37666667;3.666666667;2.05125;25.3525;11.63375;7.135714286;5.004285714;34.1575;35.465
1375;BGM-2034;7;3;5;5;3;8;3;5;4;2;3;3;1;2;3;7;5;1;2;1;2;2;2;1;7;0;2;1;4;3;1;7;100;3;8;1.25;11.52;3.76;3.073569157;18.44;2.58;18;56.73;4.333333333;1.84875;16.87625;15.2375;10.11142857;4.713333333;46.21125;33.89875
1378;BGM-2047;7;5;5;5;2;4;1;3;1;1;2;3;1;5;3;3;3;1;1;1;3;2;1;2;3;5;2;1;4;3;2;5;90;3;8;1;19.36;4.92;3.941074927;21.2;2.04;29.66666666;67.83777778;4.888888889;1.651;13.693;25.726;18.80777778;6.6575;65.951;36.103
1379;BGM-2048;9;2;5;3;3;7;1;5;2;1;1;5;0;5;7;7;3;1;1;2;1;0;2;2;3;5;2;0;4;3;1;3;0;3;8;1.4;23.34;6.32;3.701403988;32.28;3.59;29.33333333;66.04333334;3.222222222;1.914444444;16.67;27.52222222;20.9575;8.777142857;61.46666667;37.42222222
1384;BGM-2055;7;5;3;5;3;8;3;5;3;3;1;3;0;2;3;7;5;1;1;1;2;1;2;2;7;0;2;0;4;5;3;3;80;1;6;1;18.56;6.78;2.734991305;27.24;1.72;26.22222222;65.91555555;3.222222222;2.044444444;10.58625;29.45375;23.555;5.594285714;70.7525;31.0075
1388;BGM-2060;7;3;5;3;3;9;3;5;4;1;1;5;0;6;3;7;5;1;1;1;1;0;1;4;7;5;3;0;3;5;1;3;0;1;4;1.2;23;2.74;8.420788531;24.06;1.903333333;23.88888889;61.33888889;5.566666667;1.634444444;9.903333333;21.64777778;15.5125;7.195714286;65.06444444;32.60888889
1394;BGM-2066;5;3;5;3;3;6;4;3;4;1;1;3;0;2;3;3;3;1;1;2;2;3;1;2;7;5;3;0;3;3;2;5;90;3;4;1;17.54;6.82;2.57271855;29.42;1.793333333;20.33333333;68.55444444;2.666666667;1.628;11.444;15.722;11.88333333;4.7825;59.203;31.275
1398;BGM-2072;7;7;5;7;3;9;4;5;4;1;2;5;0;5;3;3;5;1;1;1;2;2;2;2;7;3;2;0;4;3;2;5;90;1;3;1.166666667;19.62;6.34;3.107188997;32.8;2.166666667;26.22222222;63.4;3.888888889;2.386363636;24.64181818;18.95090909;14.42333333;6.20625;44;36.38909091
1399;BGM-2073;7;5;5;3;3;9;3;3;4;1;1;7;1;3;7;7;5;1;1;1;3;1;2;3;7;5;3;0;3;7;1;5;70;3;8;1;18.08;3.4;5.318954248;29.28;2.496666667;23.65555556;56.19555556;3;1.87;12.03111111;11.40444444;9.73;2.167142857;44.94222222;32.78
1400;BGM-2074;7;5;5;3;2;5;4;5;3;1;2;7;1;5;3;7;5;1;4;1;1;0;2;2;7;0;3;0;3;7;2;3;0;5;5;1;17.46;5.12;3.413755859;29.58;2.153333333;23.11111111;57.52444445;4.888888889;1.61125;14.30875;16.82375;12.95142857;5.595;49.3125;36.07875
1402;BGM-2078;7;7;5;3;1;4;1;5;1;1;1;9;1;5;3;7;5;1;4;1;3;0;2;3;3;0;2;1;3;5;2;3;90;1;4;1;19.46;4.96;3.928394839;30.68;1.816666667;33;53.21666666;3;1.736666667;10.64111111;19.29222222;15.76375;5.175714286;61.15333333;32.67111111
1406;BGM-2082;7;3;5;3;3;7;1;3;4;1;1;7;1;2;7;3;5;1;1;1;3;1;2;3;7;0;2;1;3;3;3;5;70;1;8;2;21.42;6.5;3.296101877;30.14;1.666666667;32.44444444;64.12333333;5.777777778;2.877777778;26.86444444;39.64;28.43625;8.741428571;58.47555556;34.26777778
1412;BGM-2091;5;5;5;3;3;9;4;5;4;1;2;5;1;6;3;7;5;1;1;1;2;2;1;3;7;3;3;1;3;3;2;5;90;1;6;1;14.9;2.52;5.921190476;20.2;2.22;37.66666667;72.37333333;2.333333333;1.6575;10.47625;18.48625;14.58142857;5.732857143;53.41125;32.37714286
1415;BGM-2096;7;5;5;5;2;4;2;5;1;1;1;5;1;3;3;7;5;1;1;1;1;0;2;3;7;0;3;1;3;3;1;3;0;3;6;5;18.26;3.92;4.685759496;22.6;1.71;33;55.13;3.333333333;2.046666667;14.62;15.86333333;7.71;6.52;51.51666667;37.11666667
1420;BGM-2103;9;7;5;5;1;4;2;7;1;1;1;3;0;5;7;3;5;1;1;1;3;3;2;2;3;0;2;1;4;NA;2;7;90;3;8;1;14.2;4.74;3.012758464;21.72;1.26;23.66666667;41.65333333;3.333333333;2.014285714;16.08142857;20.20714286;12.27;10.415;53.12428571;34.86333333
1423;BGM-2107;5;5;3;3;3;7;2;3;1;1;1;3;1;5;3;3;3;1;3;1;2;2;2;3;7;3;3;1;4;3;2;5;90;2;6;1;14.68;3.62;4.058556194;15.9;1.873333333;43.66666667;65.93333333;5.333333333;2.365;20.535;30.085;38.96;6.81;55.84;37.16
1426;BGM-2111;3;7;3;3;2;5;4;3;3;1;1;5;1;5;NA;3;3;1;2;2;2;2;2;3;7;3;3;1;3;3;2;3;115;1;NA;1.958333333;14.615;4.56;3.215255713;24.06;2.029166667;22.13083333;47.3721875;3.967604167;1.296451613;8.723870968;15.92849462;10.43630435;5.799032258;65.71623656;34.96032258
1427;BGM-2114;7;7;5;5;1;5;4;5;4;1;1;5;1;5;5;7;5;1;2;1;1;0;1;2;7;0;2;0;3;NA;1;3;0;1;8;1;14.94;4.86;3.07427128;24.26;1.386666667;21;52.41666667;2.666666667;1.271428571;7.321428571;18.37285714;16.295;4.833333333;63.19857143;30.296
1434;BGM-2123;7;5;5;5;3;6;2;5;1;2;1;5;1;5;3;3;5;1;2;1;2;2;2;3;3;5;3;1;3;7;3;3;90;1;6;1.846153846;12.2;3.8;3.224430379;21.58;2.658333333;30.24833333;59.26708333;5.305833333;2.438148148;33.03851852;32.82703704;27.90461538;5.279615385;49.8137037;39.72814815
1436;BGM-2127;9;7;5;5;2;3;4;5;4;1;2;5;1;5;3;7;5;1;2;1;3;1;2;2;7;0;2;0;3;3;2;3;90;5;6;1;15.8;4.58;3.455686285;21.02;1.716666667;21.33333333;40.14666667;4;1.633333333;19.33166667;30.38;19.798;15.804;59.57333333;33.34666667
1447;BGM-2143;7;5;5;3;3;8;2;5;4;3;1;5;1;7;3;3;5;1;1;1;2;1;1;2;7;0;3;0;3;3;3;5;90;1;4;1;18.78;2.98;6.309256254;23.46;2.193333333;20.66666667;56.47;3.666666667;2.071666667;18.57833333;18.89833333;11.766;8.944;51.175;37.67833333
1457;BGM-2156;7;3;5;3;3;5;1;5;2;1;2;5;1;2;3;7;5;1;1;1;3;1;2;3;3;0;3;0;3;3;1;3;90;3;6;2;19.32;5.94;3.258694577;27.02;2.26;25.66666667;49.98;3.333333333;1.968;19.314;12.824;10.3875;3.7325;40.04;37.35
1461;BGM-2160;5;2;5;3;2;9;3;3;4;4;1;3;1;2;3;3;5;1;2;1;3;2;1;2;7;3;2;1;3;3;1;3;90;3;5;1.4;15.64;4.56;3.449621842;25.04;2.31;30.11111111;56.64222222;4.222222222;1.73;15.87166667;16.57;12.634;6.302;50.23166667;37.63833333
1463;BGM-2162;9;7;5;7;3;6;2;5;4;1;2;5;0;4;3;3;5;1;1;1;1;0;1;2;7;3;3;1;3;3;1;3;0;1;4;1.75;17.06;2.88;5.947757936;19.58;2.013333333;23.22222222;55.34444444;3.333333333;2.076;12.898;11.902;8.34;2.9175;46.266;36.244
1472;BGM-2171;7;7;5;3;1;4;3;5;4;2;1;5;1;4;3;7;5;1;1;1;3;2;NA;2;7;3;1;1;3;7;1;5;90;3;NA;2;18.34;2.64;6.993908046;20.78;1.766666667;28.66666667;62.94666667;4;1.735;8.42;12.48;7.44;5.035;60.265;32.66
1481;BGM-2180;5;9;9;7;3;9;3;5;4;3;1;3;1;4;3;7;5;1;1;1;1;0;NA;2;7;0;3;0;3;3;1;3;0;5;NA;1;12.66;2.2;5.760718991;15.5;2.096666667;14;54.95333333;3.333333333;1.25;4.08;4.47;0;4.47;52.165;30.605
1483;BGM-2182;5;7;5;9;3;9;3;7;4;3;1;5;1;4;3;7;5;1;1;1;2;1;2;2;7;3;2;0;3;3;3;5;90;5;4;1;18.96;2.56;7.487536232;22.5;1.17;23.33333333;43.11222222;4.888888889;1.825;15.13333333;20.14333333;11.4;9.552;54.83166667;34.58
1496;BGM-2196;5;5;5;3;2;5;2;5;4;3;1;5;1;5;7;7;5;1;1;1;2;2;2;2;7;0;2;1;3;3;2;5;90;5;8;1;23.44;3.5;6.724739652;26.68;1.59;33.33333333;53.96333333;5.666666667;1.71;11.42;19.838;14.5225;7.8725;63.898;34.886
1500;BGM-2201;7;7;5;5;2;6;4;5;1;1;1;5;1;6;7;3;5;1;1;1;2;1;1;2;3;5;2;0;4;3;2;5;50;5;NA;1;14.18;4.54;3.127411067;24.24;1.803333333;21;58.53333333;4.666666667;1.286666667;5.975;11.43666667;7.194;4.508;65.11666667;30.21666667
1504;BGM-2206;7;5;5;3;3;8;2;3;4;3;1;1;0;5;3;3;5;1;2;1;2;NA;1;2;7;0;3;1;3;NA;1;7;130;5;8;1;14.3;5;2.866483846;17.62;1.353333333;17.33333333;44.11333333;1.666666667;1.5875;7.2025;5.495;3.783333333;2.95;43.8025;36.72
1508;BGM-2210;5;5;5;3;2;5;4;3;3;3;2;7;1;2;3;3;5;1;1;1;3;0;1;2;NA;5;2;0;3;3;1;5;90;3;6;1.333333333;16.88;4;4.26648441;25.16;1.946666667;26.22222222;53.59888889;4;1.828888889;16.17444444;15.13;9.965;5.74625;47.36444444;31.36222222
1509;BGM-2211;5;7;3;3;3;7;1;7;4;1;1;3;1;5;3;7;5;1;2;1;3;2;1;2;7;0;3;0;3;3;1;7;90;5;3;1;22.68;6;3.782925069;31.04;1.523333333;22.33333333;46.5;1.666666667;1.926;14.936;10.124;8.4325;3.13;39.86;33.75
1523;BGM-2230;5;7;5;7;1;4;1;7;1;3;1;5;1;5;3;7;5;1;2;1;2;2;2;4;3;3;3;1;3;3;NA;3;100;5;8;1;17.76;5.44;3.288138952;26.56;2.153333333;19.66666667;75.19;1.666666667;1.46;7.337142857;7.38;2.208333333;5.155;50.70285714;33.21
1525;BGM-2233;7;5;5;3;2;7;2;3;1;1;1;5;1;9;7;7;3;1;4;1;1;0;2;3;3;0;3;0;4;3;1;3;0;3;4;2;13.31;2.59;5.140112718;19.31;2.016666667;33.58333333;66.425;3.083333333;2.06;10.94333333;15.57;16.395;2.48;59.17333333;31.99666667
1537;BGM-2248;9;3;5;3;3;8;3;5;4;2;1;5;1;5;5;3;5;1;2;1;3;2;2;2;7;0;2;0;4;3;2;3;90;5;8;2;16.12;4.9;3.290006653;28.4;1.706666667;25;45.06666667;3.333333333;2.004;20.132;9.86;5.4725;4.715;34.932;34.682
1545;BGM-2260;7;7;5;7;1;3;4;7;4;3;1;7;1;2;3;7;5;1;2;1;3;2;1;2;7;0;3;0;4;NA;2;5;90;5;6;1;17.74;5.12;3.467522327;36.14;2.93;41.33333333;92.00666667;3;1.982;24.23;23.974;17.3625;5.46;52.322;35.564
1548;BGM-2263;5;5;3;3;3;5;4;3;4;2;1;5;1;5;7;7;3;1;2;1;2;2;1;3;7;0;3;0;3;7;1;5;100;3;NA;2;16.5;4.54;3.651758828;27.2;1.94;25.5;59.48666667;3.75;1.8;47.74;37.2;15.49;21.7;43.79;37.86
1554;BGM-2270;7;7;5;3;3;7;1;NA;3;3;1;5;1;6;3;3;5;1;1;1;1;0;2;2;7;0;1;0;3;3;1;3;0;3;8;1.4;19.3;2.02;9.639552041;22.78;1.89;18.66666667;38.56;1.777777778;1.806;11.744;8.138;6.405;2.565;33.772;34.7975
1558;BGM-2275;7;5;5;3;3;8;3;3;4;1;1;5;1;5;7;7;5;1;2;1;1;0;2;2;7;5;3;0;4;3;2;3;0;5;4;1;19.76;5.46;3.649397348;26.24;1.31;36.66666667;54.50333333;3.333333333;1.885;23.9725;18.6675;9.613333333;9.846666667;42.6975;38.22
1559;BGM-2276;5;5;5;3;1;3;4;3;4;1;1;3;1;2;3;3;5;1;1;1;2;1;2;2;7;5;1;1;3;3;1;5;90;3;4;1.2;12.68;4.32;2.967827775;17.16;1.453333333;24.22222222;46.02111111;1.777777778;1.778;13.112;6.364;4.41;2.3675;31.858;34.042
1563;BGM-2283;7;5;5;3;1;3;4;3;4;3;1;3;1;9;3;3;5;1;2;1;1;0;2;2;7;0;2;0;4;3;2;3;0;1;8;2;20.26;6.02;3.371829645;34.64;1.85;31.66666667;51.50333333;6.666666667;2.398;23.038;18.402;13.28;3.7;46.11;35.09
1564;BGM-2284;5;1;5;3;1;5;4;3;3;4;1;5;0;5;7;3;5;1;2;1;3;1;2;3;7;0;3;0;3;5;2;3;100;5;NA;1.333333333;17.96;6.16;2.912933758;25.9;2.15;25.33333333;49.73333333;3.666666667;1.738;16.374;10.226;6.2675;3.7075;43.872;36.752
1570;BGM-2294;5;7;3;5;3;8;1;5;3;2;1;5;1;5;7;3;5;1;1;1;1;0;2;3;7;5;2;0;4;NA;3;5;0;3;4;1;16.02;4.5;3.57030563;30.56;1.513333333;20;56.81666667;6;1.933333333;11.36;9.586666667;5.725;4.71;47.97333333;34.65333333
1573;BGM-2326;7;3;5;3;2;4;2;5;1;1;1;3;1;3;5;3;3;1;2;1;2;2;1;3;7;0;3;1;3;7;2;3;90;4;6;1;13.46;3.28;4.111742424;18.06;2.043333333;29.66666667;47.39666667;3.666666667;1.7;11.72;25.3;NA;NA;68.35;32.97
1574;BGM-2328;3;5;3;3;3;6;2;3;3;1;1;3;1;4;3;7;3;1;4;1;2;2;1;3;3;0;2;0;3;3;1;3;90;3;8;1.75;12.67;2.75;4.7343766;16.9;2.029166667;21.66666667;63.51416667;8.833333333;1.8975;21.815;23.105;16.64;9.743333333;52.1275;34.3475
1583;BGM-2337;5;5;3;3;2;6;2;5;3;1;2;5;1;8;1;3;3;1;1;1;1;0;1;4;7;5;3;0;4;3;1;3;0;2;6;1;19.72;1.84;10.91992785;23.74;2.433333333;19.66666667;59.41666667;2.666666667;0.745;13.335;7.99;0;9.9;51.16;NA
1585;BGM-2339;5;7;3;5;3;9;3;5;4;1;1;5;0;5;3;7;5;1;1;1;2;1;1;3;7;5;3;0;4;3;2;3;80;2;3;2.8125;19.88;5.04;3.956048723;27.94;1.7225;25.01166667;46.59166667;3.888333333;2.631875;31.91375;28.338125;24.890625;3.44625;47.339375;38.259375
1590;BGM-2344;3;5;5;3;3;8;2;3;3;2;2;5;1;2;3;7;5;1;4;1;1;0;2;3;7;5;2;0;3;3;1;5;0;3;4;1;12;3.34;3.607647907;18.08;1.87;29;35.72666667;6.333333333;2.056666667;14.37666667;14.44666667;8.79;3.16;48.84;37.18333333
1591;BGM-2345;5;9;3;5;3;9;4;3;4;1;2;5;1;5;1;3;3;1;1;1;3;2;1;3;7;5;3;0;4;3;1;3;110;3;NA;1;9.71;3.46;2.786567009;16.96;1.871666667;18.83333333;43.09;3.916666667;2.43;23.04;14.39;4.86;9.53;38.44;33.58
1592;BGM-2346;3;5;5;3;1;4;1;5;3;1;2;5;1;5;3;7;5;1;2;1;2;2;1;3;7;0;2;1;3;3;2;5;90;5;4;1;10.74;3.64;2.967527151;20.2;1.573333333;26.66666667;47.93;5;1.76;18.91;15.58;9.32;7.245;44.85333333;35.84
1593;BGM-2347;7;3;5;5;NA;3;3;3;3;2;1;7;1;6;3;3;5;1;2;1;1;0;1;3;7;5;3;0;4;3;2;5;0;3;4;1;14;2;7.089646465;17.64;1.456666667;31;43.22333333;6;2;13.98333333;8.26;4.505;3.655;37.46666667;38.87666667
1597;BGM-2352;3;3;3;3;3;6;2;3;1;1;1;5;1;5;7;7;3;1;1;1;3;2;2;3;7;5;2;0;4;3;1;5;100;1;4;1;7.76;2.5;3.101307692;11.68;1.89;29.5;66.99666667;7.166666667;1.7925;13.57;19.32;11.09;9.88;57.3475;32.6575
1600;BGM-2355;7;5;5;3;1;5;4;7;2;1;1;5;1;2;1;7;5;1;2;1;2;3;1;2;3;5;3;1;3;3;1;7;120;5;8;1.25;12.9;4.16;3.100836819;18.3;2.76;30.56666667;65.51222222;3.222222222;1.4125;10.4025;7.3175;7.016666667;1.686666667;41.87;37.5825
1603;BGM-2358;9;7;5;9;3;6;2;7;4;1;5;3;0;5;1;3;3;1;1;2;2;3;1;2;7;5;2;1;3;3;2;5;90;5;3;1.4;8.9;3.76;2.370202669;21.7;3.203333333;32.33333333;72.54333333;5;2.168333333;27.08833333;12.375;6.562;4.642;36.90166667;30.446
1604;BRS-396;7;3;5;3;3;6;4;3;2;2;2;3;1;5;7;3;3;1;3;2;2;1;2;3;3;5;3;1;3;3;2;3;80;3;6;1;10.8;2.78;4.075925926;13.8;1.76;13.66666667;37.38;5.666666667;1.597272727;6.911363636;9.631363636;6.466875;2.625625;58.51681818;30.4045
1608;BRS-CS01;7;5;5;3;2;5;4;3;1;1;1;5;1;4;3;3;5;1;1;2;2;2;1;3;3;5;3;0;3;3;2;5;110;2;8;1.125;13.26;2.04;6.515684666;15.84;1.496666667;24;49.13666667;4.666666667;1.501875;4.86125;12.148125;6.761333333;5.374666667;71.18875;35.43625
1609;BRS-Dourada;7;3;3;5;2;5;4;7;4;3;5;5;1;5;3;7;3;1;1;1;2;3;2;2;7;5;3;1;NA;NA;1;5;120;3;4;1.495049505;20.3;5.08;4.054469075;26.6;3.01;26.80416667;64.97583333;5.4;2.233778802;25.28148148;24.29087963;17.04470588;7.584069767;48.02925926;31.71513889
1610;BRS-Formosa;7;3;5;3;2;8;1;3;3;1;1;5;1;4;3;7;5;1;1;1;2;2;1;2;7;0;2;0;4;7;1;7;90;1;6;1.607843137;20.08;3.38;5.965901116;31.5;2.446666667;27.21333333;63.15833333;7.609166667;1.845691489;17.42904255;26.75361702;15.77202532;10.66660377;60.67138298;35.0989418
1611;BRS-FormosaTetra;3;5;5;3;3;8;2;3;4;1;1;3;1;5;1;3;3;1;1;2;2;1;2;2;7;0;3;0;3;7;1;5;85;2;NA;1;7.74;2.52;3.229495798;10.92;1.4;0.103333333;42.55666667;1.333333333;0.75;1.94;0.85;NA;NA;30.43;NA
1621;Cana-Verde;3;9;3;5;3;7;2;3;4;3;1;5;1;5;3;3;3;1;3;1;2;1;2;3;7;3;2;1;3;3;1;5;90;2;5;1;16.36;5.3;3.08730575;26.44;1.16;16;38.86666667;6.333333333;1.92;11.83;4.675;2.27;1.1;27.83;33.735
1625;CLRangel;3;3;5;3;2;5;4;3;4;1;1;5;1;7;1;3;5;1;3;2;2;1;2;3;3;0;2;0;3;3;1;3;95;2;8;1;15.7;3.14;5.132322557;19.64;1.11;26.33333333;52.39333333;5.666666667;1.6;7.15;17.74;15.28;3.1;71.39;36.115
1626;Conquista-1;7;3;5;3;2;6;4;3;4;1;3;5;1;4;5;3;5;1;1;1;2;2;2;2;7;5;1;0;3;3;2;5;100;2;3;1;19.8;2.68;7.429458689;20.94;2.063333333;21;56.08;4;2.245;19.07;15.93;12.66;1.7;45.545;33.35
1629;CPAFRO-04=Amarelo;7;2;5;3;3;9;4;3;4;2;3;5;1;5;5;3;5;1;1;NA;1;3;1;3;3;5;2;1;3;5;2;7;0;4;8;1;16.6;4.32;3.855493669;18.1;1.97;51;79.2;5.333333333;2.12;36.18;38.385;25.19;4.13;53.915;37.675
1630;CPAFRO-05=ENTALA-GATO;5;9;3;7;1;7;1;3;1;1;1;5;1;5;5;3;5;1;2;NA;1;3;1;3;3;0;2;0;3;3;2;3;0;4;4;1;17.5;5.26;3.325604766;30.64;2.5;47;53.91;5.333333333;2.07;20.125;24.715;21.46;5.9;61.995;34.085
1631;CPAFRO-06=FOLHA-FIna;7;2;3;3;3;9;4;3;4;1;2;3;1;4;1;3;3;1;4;2;1;0;2;3;7;3;2;0;3;3;2;3;0;1;3;1;10.2;1.86;5.611764706;10.6;1.635;20.33333333;46.47666667;4.666666667;2.18;25.94;19.51;17.33;2.19;42.93;35.47
1634;CPAFRO-09=PÃO-DO-ACRE;3;5;3;3;3;9;2;3;3;2;3;3;1;5;3;3;3;1;1;NA;1;3;1;1;7;0;1;1;4;3;2;5;0;4;8;1;11.34;3.78;3.006251293;17.46;3.763333333;19;85.49333333;4;2.285;31.89;14.935;14.55;2.36;31.98;30.24
1640;CPAFRO-21=IM-1046;5;9;3;3;3;6;4;5;4;3;1;3;1;5;5;3;3;1;1;2;2;3;2;3;3;3;2;1;3;7;2;5;90;3;4;1;9.3;3.38;2.72649287;14.64;2.366666667;32.33333333;51.25;2.333333333;1.915;8.25;8.84;5.38;2.08;51.475;33.525
1645;CPAFRO-30;3;9;3;7;3;6;2;5;4;3;1;3;1;5;1;3;5;1;1;1;2;2;2;3;3;3;3;0;3;3;1;3;100;3;6;1;11.8;4.14;2.85770243;18.38;1.176666667;34.66666667;40.01666667;6;1.56;6.74;8.015;7.75;3.07;52.825;36.82
1646;CPAFRO-33;5;2;3;3;3;9;4;3;4;1;1;3;1;5;5;3;5;1;2;1;3;3;2;3;7;3;1;1;3;3;1;3;90;4;8;1;11.24;2.88;3.921520147;8.5;1.69;30.33333333;43.24;5.666666667;2.07;13.545;17.45;22.47;3.58;52.66;40.395
1647;CPAFRO-35=BRS-COLONIAL;5;5;5;3;2;5;4;3;4;1;1;5;1;5;5;3;5;1;1;1;2;3;1;3;3;0;2;0;4;7;2;7;110;3;6;1;14.2;4.44;3.193706611;18.98;3.603333333;40.33333333;104.8233333;5;2.003333333;19.13666667;31.95;28.54;4.69;63.11333333;32.74333333
1672;Platina;7;5;5;7;2;8;2;5;1;1;1;3;1;5;5;3;3;1;4;2;1;0;2;3;3;5;3;0;3;5;1;3;0;2;8;1.307692308;9.5;3.24;2.908333333;11.72;1.633333333;28;43.85333333;4.333333333;1.390769231;7.425;8.120833333;3.7;1.62;51.5275;35.81666667
1673;Rangel/Fadel;3;7;3;5;3;6;4;3;4;1;1;7;1;5;1;3;5;1;3;2;2;2;2;4;7;5;2;0;3;3;1;3;80;2;4;1;12.88;3.42;3.77117617;21.06;1.933333333;29;42.46333333;6.333333333;1.865;17.16;27.005;40.16;6.33;53.88;35.855
1674;Recife;3;3;5;3;1;5;4;3;3;1;1;5;1;2;3;7;5;1;2;1;2;2;2;3;7;5;2;0;3;3;1;5;90;3;4;1;15.3;4.6;3.338112042;20.34;1.653333333;23.33333333;66.27;4.333333333;1.813333333;26.68;14.41;11.54;20.05;38.00666667;33.70666667
1677;Roxona;9;9;9;7;4;9;3;7;4;1;1;5;1;5;5;3;3;1;1;1;2;2;1;3;7;0;2;0;3;3;2;7;90;3;4;3;12.8;5.02;2.561787149;16.1;1.823333333;25.66666667;52.90666667;2.666666667;2.59;30.14;14.81;10.78;4.03;32.95;33.79
1679;Santa-Rita-Sapucaia;7;3;5;3;3;8;2;3;3;1;1;3;1;5;3;3;5;1;1;2;2;3;2;3;3;5;3;1;3;3;1;3;90;4;4;1;11.28;3.78;2.979463364;10;1.47;38.33333333;65.87;4.333333333;1.79;14.17;28.88;30.83;3.67;66.45;35.34
1680;São-Francisco-de-Paula;9;9;7;9;4;9;4;7;4;3;2;5;1;5;5;3;5;1;4;1;1;0;2;3;7;5;2;0;3;3;1;5;0;2;8;1;15.04;4.28;3.531097816;31.1;0.68;35;40.12666667;5.666666667;2.39;20.9;16.915;16.23;4.97;44.825;32.8
1682;SE-09;7;7;3;3;2;3;2;3;4;1;3;5;1;5;3;3;3;1;1;1;2;2;1;3;7;0;3;0;3;3;2;3;95;4;4;2;12.98;3.94;3.309495166;15.08;1.693333333;23;42.90666667;2.333333333;1.91;12.87;14.61;20.69;3.92;49.22;39.82
1683;Secundina;5;7;5;5;2;5;4;5;4;2;1;1;1;5;3;3;3;1;2;1;2;3;1;4;7;3;2;1;3;3;1;5;80;5;NA;1;8.2;4.12;2.002147794;7.66;1.766666667;24.66666667;40.04;2;1.425;9.335;13.195;13.11;13.28;33.225;39.05
