Acessos;CorFolhaApical;CorPeciolo;CorFolhaDesenv;CorNerv;CorCortexCaule;CorExternaCaule;CorEpidCaule;CorRamosTerm;CorExternaRzs;CorCortexRzs;CorPolpaRzs;NLobulos;Pubescencia;FormaLobuloCentral;PosicaoPeciolo;Sinuosidade;ComprEstip;HabCrescCaule;TipoPlan;MargEstip;HabRamif;NiveisRam;ProemCicatrizesFolhas;FormaRzs;TxtEpidermeRzs;PresPedunculoRzs;PosicaoRzs;Flowering;DestqPelicRz;DestqCortexRz;ConstrRzs;ComprFilotaxia;AnguloRamif;ComprLobulo;LargLobulo;RelComprLar;ComprPeciolo;EspEntreCasca;ComprMedRzs;DiamMedRzs;HCNPic;NR;PA;DRY;DMCsg;PTR;PPA;IC;AP
92;BGM-0014;5;7;3;5;3;6;2;7;3;1;1;5;0;5;3;7;5;1;2;1;2;1;1;2;3;5;2;1;3;3;1;5;110;16.98;5.46;3.112927312;29.74;2.636666667;25.82222222;61.57111111;5.45366655356835;3.79212194654307;3.75196301992367;4.45825632254224;33.3252770591193;12.3951184010581;15.2575514210779;44.9950209475282;1.99070077993071
93;BGM-0016;5;5;5;5;3;7;1;3;1;1;1;3;1;1;3;3;5;1;4;1;1;0;2;1;3;0;2;0;4;7;2;5;0;16.08;6.78;2.373022181;24.72;2.35665841452208;26.374466558463;58.7035885462208;6.18753892481935;4.03559442651072;3.06392172880116;4.90936528784969;34.1641841481215;11.5522899857607;25.666043632158;30.8034581646069;2.18048952790009
100;BGM-0022-TB;7;5;5;5;2;6;4;5;4;3;1;3;1;4;3;7;5;1;1;1;2;3;1;2;7;5;2;0;3;3;1;5;90;13.26;3.98;3.335392535;18.46;2.75;32.77777778;62.88777778;4.61724968312554;3.40930013005686;3.73020186310042;6.18975102283357;36.8343488804279;13.2262595728159;15.0342772450913;47.728391261537;1.67290975654313
111;BGM-0035;5;1;5;3;2;7;1;3;1;1;1;5;1;5;3;7;5;1;2;1;2;0;2;2;3;0;3;0;4;3;3;5;100;12.64;4;3.162242826;19.22;2.783333333;27.08888889;53.11555555;7.85020677948608;4.87512003423072;3.77939893066585;6.25043782936294;34.9289683074742;24.6606594359454;25.7482070929888;46.7055447384426;1.80617877166847
117;BGM-0043;5;5;5;3;3;7;1;3;3;1;1;5;1;5;3;7;5;1;1;1;2;1;2;2;7;5;3;1;4;5;1;7;90;15.5;4.98;3.115268542;27.28;2.44;40.66666667;53.53;4.28434784825581;4.64417615127636;3.21730391270142;6.21253336602479;31.7158581151295;23.8288911584818;19.805060394423;50.3912395964113;1.98681200707438
118;BGM-0044;5;7;5;3;3;6;3;5;4;1;1;7;0;2;3;7;5;1;1;1;1;0;1;2;7;5;3;0;3;3;2;5;0;10.8;3.52;3.074278904;18.3;2.853333333;26.45833333;69.30416667;6.65159640883907;3.93276959245741;3.02291236141112;6.34714069066767;34.394964095737;24.5846097548875;23.6923390460884;47.376050118173;2.00075841283627
122;BGM-0048;3;2;5;3;3;9;3;3;4;3;1;5;0;5;3;3;5;1;4;1;2;3;1;2;7;5;3;1;4;3;1;5;100;12.48;3.42;3.652990913;12.56;2.313333333;26.625;63.49583333;6.33410981385242;3.99651673673015;3.30794873649863;6.00476027879643;36.1727089514975;20.0312615920708;20.4292158421127;48.4281362064872;2.19083039723447
123;BGM-0049;7;3;5;3;3;7;1;3;1;2;3;5;1;2;3;3;5;1;2;1;1;0;2;3;3;5;3;0;4;3;2;7;0;14.52;5.04;2.883088235;23.32;2.656666667;36.66666667;66.16;6.94311312151789;4.38390777504655;2.84770087286945;8.18158028560064;37.3243785443933;30.6483893508418;35.4016169346381;43.5091227323537;2.24978703006871
127;BGM-0054;7;5;3;3;2;5;4;5;4;4;2;3;0;5;3;7;5;1;2;1;2;0;1;1;7;5;3;1;4;5;3;5;120;14.68;4.66;3.159751125;23.52;3.813333333;20.625;67.3325;5.83045969618086;3.13048810438223;3.88231385490026;4.42165292813451;33.3264013527723;13.9862344045643;22.5340196642738;35.6523854778229;1.94652279989713
128;BGM-0056;3;3;5;3;3;7;1;3;1;1;1;5;0;5;3;3;5;1;1;1;1;0;2;2;3;5;3;0;4;3;3;5;0;12.2;3.22;3.79625;16.82;3.39;35.97916667;73.11833333;7.27866053785324;4.69059957787702;2.42077776689691;7.59108212804462;34.315104922163;30.2515482680759;23.6639955632495;54.3269004048465;2.05948012219348
172;BGM-0119;5;3;5;3;3;8;2;3;4;2;1;7;0;5;3;3;5;1;2;1;2;1;2;2;7;5;3;0;4;3;3;5;100;16.24;3.9;4.172413387;29.34;3.136666667;26.08333333;66.23666667;7.92154278878565;3.63485894902704;3.62461258414831;5.13574277900339;36.9923085839775;14.5589702477853;21.0615784106671;42.9074005989626;1.79833472298578
184;BGM-0134;5;9;5;3;3;7;2;3;2;1;2;5;0;5;3;3;5;1;2;1;2;1;2;2;3;5;3;1;4;3;1;5;100;15.46;3.32;4.690661364;21.1;2.45;27.85;55.0225;3.94119169843788;5.17305917705686;2.82029154637506;6.31125935110571;37.3242101339876;19.5384700356289;23.3931257203961;44.4268636268417;2.18521298502553
189;BGM-0140;5;3;5;3;3;9;3;3;4;1;1;5;1;5;3;3;5;1;2;1;3;2;2;2;7;0;2;0;3;3;1;5;90;17.2;6.02;2.861694959;29.82;2.593333333;25.625;66.27333333;6.64368734787995;4.59244635391803;3.94085053015059;6.47579252391579;37.7531943192444;19.0364662875737;24.5051604560394;44.9738994199962;1.88118770346851
214;BGM-0164;7;5;5;3;3;6;2;3;3;1;1;5;1;5;3;7;5;1;1;1;1;0;2;2;7;5;2;0;4;3;2;5;0;17.78;4.82;3.686520842;26.46;2.953333333;19.95833333;61.81416667;4.12627244213168;4.6613335615808;3.6473182023191;5.97606692438447;35.2810431910515;18.1640977594113;21.2210190963106;46.8914436823691;1.84572036635057
255;BGM-0220;3;3;5;3;2;7;2;3;3;1;1;5;0;5;3;7;5;1;1;1;2;0;2;2;7;5;3;0;4;3;3;5;80;10.78;3.3;3.265106484;15.78;2.616666667;25.20833333;62.97083333;3.3682879190017;4.2021869950758;2.88003445920104;5.21279618799625;34.9838548589805;18.6890207974678;21.6871365331271;44.7694904913482;1.95266220944809
256;BGM-0221;9;9;5;7;3;7;1;5;1;1;1;5;0;5;3;7;5;1;2;1;1;0;2;2;3;0;3;0;3;3;2;5;0;10.74;2.66;4.187824807;14.14;2.35665841452208;26.374466558463;58.7035885462208;6.18753892481935;4.03559442651072;3.54078606651365;5.41007002308741;33.6001851012856;17.2228431674287;24.1184572382013;41.8376680354329;2.13184153514083
286;BGM-0270;9;7;5;5;3;6;3;5;4;1;1;5;0;5;3;7;5;1;2;1;3;2;2;2;7;5;3;0;3;3;1;5;110;11.22;3.56;3.161530049;14.8;2.016666667;24.20833333;49.12;3.64805479036986;3.50291338878458;3.64798776416302;4.74885427619157;36.7556677918794;11.9542409320963;16.6127397733741;38.8509086677369;2.13168611450706
301;BGM-0289;5;5;5;3;3;6;3;5;2;1;1;5;1;4;3;3;5;1;1;1;2;1;2;2;3;5;3;0;4;3;3;5;90;12.22;2.06;5.972629843;14.42;2.186666667;24.625;60.9525;3.56855205723138;4.46214573763395;3.05451121262422;6.32911324156024;35.3347408117222;21.9699245386735;21.6133028602764;49.9411391299984;1.89287466207696
303;BGM-0294;5;1;5;3;2;3;4;3;4;1;1;3;0;5;3;3;5;1;2;1;3;2;2;2;7;5;2;0;4;3;2;5;90;14.34;3.44;4.189697232;19.44;1.65;20.29166667;49.03333333;3.52508755488252;3.352344626702;3.73150053557762;4.75075673132429;34.0031020315232;11.4033193861902;14.0219800761673;43.1436475087813;1.65069945880202
304;BGM-0295;5;1;5;9;2;8;3;3;4;1;1;3;0;5;3;3;5;1;1;1;1;0;2;2;7;0;3;1;4;3;2;7;0;12.12;2.9;4.199019969;16.48;2.35665841452208;26.374466558463;58.7035885462208;6.18753892481935;4.03559442651072;3.47970860478025;4.71365410792537;33.7814876273518;13.4908309192187;20.9212393852813;33.6421861547522;1.78245518380456
313;BGM-0312;5;3;5;3;2;8;3;5;4;3;2;5;0;5;3;3;5;1;3;2;2;2;2;2;7;0;3;1;4;3;2;5;90;14.16;4.48;3.163987142;16.82;2.35665841452208;26.374466558463;58.7035885462208;6.18753892481935;4.03559442651072;3.39368201120258;5.2710710860365;32.5651391945317;14.1309088908332;24.3955637501386;32.9850864233946;1.95526216609107
332;BGM-0342;5;5;5;3;3;9;3;5;4;1;1;3;1;5;3;3;5;1;2;1;3;2;2;2;7;3;2;1;3;3;3;5;90;12.36;2.84;4.347891843;18.36;2.196666667;20.33333333;49.1475;8.06786069375194;4.36884045739659;3.47581558715251;5.78338790394146;32.1053664149728;13.3446875894174;18.5432740946958;38.1917766555348;1.96819698575244
355;BGM-0382;7;7;5;7;2;4;2;5;4;1;1;5;1;5;3;3;5;1;1;1;1;0;1;2;7;5;3;0;3;7;2;5;0;18.94;5.78;3.280429412;27.62;3.023333333;22;75.59333333;4.28434784825581;4.35679987959691;2.8780721794746;7.68609828941294;34.7185176333722;29.8611814783604;21.5167908874214;54.2937345172932;1.90836328284624
356;BGM-0383;5;7;5;3;3;6;3;5;4;2;1;3;1;2;3;3;5;1;2;1;3;2;2;3;7;3;3;1;4;7;1;5;120;10.34;3.72;2.779532164;10.8;3.113333333;22.66666667;54.17333333;3.80965615424977;4.03559442651072;4.28275267937663;3.8213909165765;36.4953408925894;9.98632520720511;11.2529633750229;49.780373362636;1.64592692627692
368;BGM-0400;5;1;5;3;2;3;2;5;1;1;1;5;1;5;3;7;5;1;1;1;2;1;2;2;3;5;3;1;4;3;3;5;100;11.82;4.16;2.845564581;14.8;2.3;24.5;61.855;6.16294112383206;4.3683562813552;2.68020785097724;6.9260515962547;36.0213488029429;19.9680971679836;22.1727144699581;47.3111854863422;2.07445905105838
379;BGM-0419;7;7;3;5;2;3;2;5;4;4;2;3;0;5;7;3;5;1;2;1;3;3;2;3;7;5;3;1;4;7;1;7;100;15.38;4.28;3.627276856;25.62;2.35665841452208;26.374466558463;58.7035885462208;6.18753892481935;4.03559442651072;3.93246667943954;4.95858527350316;34.7897383592017;15.2360162694748;20.9976394580945;40.7085466393809;2.1347100768407
386;BGM-0426;5;5;5;3;3;9;3;5;4;1;1;5;1;5;3;3;5;1;2;1;2;2;2;2;7;5;2;1;4;3;1;7;100;14.98;4.52;3.316509882;23.66;2.15;25.9975;62.31666667;8.10458085167687;3.16341224970411;4.03954812565169;5.80304867132625;34.3799339147539;17.9124043248057;18.5733921349833;47.0786850896516;1.80914082524252
396;BGM-0440;5;5;5;5;3;5;2;3;4;1;1;5;1;5;3;3;5;1;2;1;1;2;2;2;7;5;3;0;4;7;2;5;0;15.82;2.1;7.544771018;24.68;2.173333333;29.12416667;67.64333333;7.40612906247542;3.36067249270488;3.87150526278123;4.94031424951851;33.8565632170719;15.4519500552114;12.9197409889955;53.2761523548913;1.72086226004739
407;BGM-0456;7;5;5;3;3;9;2;3;4;1;1;5;1;5;3;7;5;1;2;1;3;2;1;1;7;5;3;0;4;7;1;7;80;15.56;5.48;2.853416723;24.64;2.803333333;26;43.54333333;6.18753892481935;3.83251134209655;2.96413675871281;3.93996974724592;32.3669405386851;8.91314782514265;23.2508354548349;28.3578112549659;2.17142770502008
408;BGM-0460;7;7;5;3;2;7;1;5;2;1;1;5;1;5;3;3;5;1;1;1;2;2;2;2;3;0;3;1;4;7;2;3;90;16.74;4.32;3.872907865;21.18;2.476666667;24.66666667;50.825;6.06805724892766;4.65760061131967;3.75074562120487;6.9182277375139;35.3814695612313;18.8072510315634;26.6579109689135;43.717984555464;2.01357439729792
410;BGM-0462;5;7;5;3;3;5;3;5;4;3;1;5;1;5;3;3;5;1;2;1;2;3;2;2;7;3;2;0;3;3;1;5;90;8.26;2.56;3.348398269;11.38;2.04;24;57.86666667;4.88114182738644;2.82609067459682;3.47579743439796;4.90947799000197;35.1476918345243;13.7397579788102;15.7347168392111;36.2956747006797;1.79575712642151
412;BGM-0464;7;5;5;3;2;5;4;5;4;3;1;1;1;5;1;3;3;1;2;2;2;3;2;3;7;3;3;1;3;3;2;5;120;8.34;2.86;2.933333333;6.94;2.206666667;30.33333333;42.88;6.18753892481935;3.63279095533899;3.54124486765091;4.40639596775491;34.6609065397897;11.8693829105665;19.4174831369172;31.2516303953776;1.99594548025586
413;BGM-0465;7;3;5;3;3;9;2;3;4;1;1;5;1;5;3;3;5;1;3;1;3;3;2;3;7;5;3;0;4;7;3;7;70;19.34;6.14;3.15078387;24.5;1.386666667;19.44444444;60.84777778;7.85020677948608;3.94565753995376;3.59157027027839;5.67103484321212;36.765783518319;18.8385191868896;20.9325557303311;47.5520614792849;2.12176400350241
414;BGM-0467;5;3;5;3;3;5;1;3;1;3;1;5;1;5;3;3;5;1;1;1;3;2;2;2;3;5;3;0;4;3;2;5;90;22.76;3.9;5.845943188;34.1;2.213333333;20.83333333;62.16416667;8.11554627617207;4.14853822698618;3.09539042908074;5.20998144244159;34.9078052307045;14.1426390505317;16.8546819318803;46.352369846874;1.74934554692681
418;BGM-0471;5;7;5;3;2;4;1;5;1;3;1;5;1;5;3;7;5;1;1;1;4;1;2;2;3;5;3;0;4;3;3;5;90;13.48;2.76;4.898919325;19.96;3.266666667;29.25;77.38083333;8.11495971771416;4.00953545479671;3.60512748254888;5.71613333407585;35.446606612288;18.2180409829083;16.7699200824351;51.8387481926924;1.89683132315076
421;BGM-0474;5;2;5;3;3;6;2;3;4;1;1;5;1;5;3;3;5;1;2;1;1;2;2;2;7;5;3;0;4;3;1;5;100;12.56;2.38;5.306841709;14.42;2.256666667;21.375;50.12916667;5.08485033386502;3.67502971988732;3.37127330481644;5.0127485113139;34.8790936447027;15.15958415935;20.4251475294863;39.323473429736;1.59811162824412
429;BGM-0492;7;1;5;3;2;6;2;3;2;1;1;5;1;2;3;3;5;1;2;1;3;3;2;4;3;3;3;0;4;3;3;5;90;16.44;4.04;4.063322259;23.32;2.35665841452208;26.374466558463;58.7035885462208;6.18753892481935;4.03559442651072;3.97943792732713;8.61121741595105;37.0920564187998;28.6887112890409;32.2268701537836;44.0328656497679;2.0667173489944
433;BGM-0498;5;2;5;3;3;6;3;3;4;1;1;5;1;5;3;7;5;1;1;1;2;0;2;1;7;5;3;0;4;3;2;5;90;18.72;6.26;2.996159611;29.2;2.963333333;25.79166667;76.53;8.01429672277034;4.01919683178158;3.01576037730068;6.43015010750325;32.0543750826755;22.1996620297833;22.3232313891245;52.1036602656757;2.02771836902683
437;BGM-0503;7;5;5;3;3;7;2;5;4;2;2;5;1;5;3;7;5;1;1;1;1;0;2;3;7;5;3;0;4;7;2;3;0;11.32;2.96;3.834375517;19.14;2.35665841452208;26.374466558463;58.7035885462208;6.18753892481935;4.03559442651072;2.94825244222323;5.62836309476263;31.87118156088;12.5929044299405;15.4186882094162;36.6130049499599;1.88906232509605
442;BGM-0509;7;3;5;3;2;7;1;5;2;1;1;3;1;5;3;3;5;1;4;1;1;0;2;2;3;5;2;0;3;5;1;7;0;14.66;3.58;4.092277753;20.96;1.716666667;21.55555555;45.87111111;7.85020677948608;3.31672193256688;2.670026281615;3.38414640035066;32.030126858375;8.40092655564764;12.6667234198657;30.3587342353466;2.21713638510864
443;BGM-0510;5;1;5;3;3;3;3;3;4;4;1;5;1;5;3;3;5;1;2;1;2;3;2;2;7;5;3;0;3;3;1;3;90;10.72;3.72;2.881017871;12.48;2.536666667;26;55.39;3.88567711685818;4.05499309983947;4.17683371774054;5.32002175768179;32.6900236833954;18.8134615123815;23.5781556070396;42.6314018098662;1.94362914722891
449;BGM-0521;5;3;5;3;3;9;3;5;4;1;1;5;1;5;7;7;5;1;1;1;2;2;2;3;7;5;3;1;4;3;3;5;80;12.22;3.46;3.527685385;15.24;2.436666667;23.5;63.76666667;7.46584821847153;4.45816236140732;3.49910183967841;5.99658844123372;34.7685607153712;17.5081945775817;17.129993791361;49.2173951609365;2.02013504765677
466;BGM-0550;5;7;5;3;1;5;4;5;4;2;1;5;0;5;7;7;5;1;1;1;2;3;2;2;7;0;2;1;3;5;1;5;90;14.32;3.38;4.22812084;19.54;3.48;28.77777778;46.17777778;7.85020677948608;3.98772387558077;3.38055986963247;4.29936355186766;34.9843701741823;13.0226852474866;20.0592254319721;38.9694980206004;2.01137627551534
467;BGM-0551;5;7;5;5;3;9;3;5;4;1;1;5;1;2;3;7;5;1;1;1;1;0;2;3;7;3;2;0;3;3;1;5;0;11.6;3.56;3.269304906;13.12;2.246666667;26.83333333;48.7375;3.50397171999933;4.41037582784884;3.74214082039359;5.28763920987007;35.919416449757;15.4872299724245;21.8300944309286;40.102569021892;2.08631027753416
474;BGM-0561;7;7;5;5;2;7;1;5;1;1;1;5;1;2;7;7;5;1;1;1;1;0;2;2;3;5;3;0;4;7;2;3;0;11.98;4.02;2.990115876;14.08;2.15;22.41666667;44.00916667;8.02220578372947;5.03278094021951;3.50403828739553;4.11599000221036;34.7812170724791;9.47915355911185;16.6737612572478;38.2855752375594;1.69560143830538
478;BGM-0565;3;3;5;3;3;9;3;3;4;2;1;5;1;5;3;3;5;1;2;1;3;3;2;2;7;3;2;1;3;3;2;5;90;12.72;3.52;3.636515351;14.3;6.393333333;13;66.34333333;6.18753892481935;3.30168555841767;3.37649403644386;4.87123977170531;33.2214222020389;13.3564330727024;16.7903673203482;40.2257750160653;1.99201466553829
480;BGM-0570;9;5;5;3;3;9;2;5;3;1;1;7;1;7;3;7;5;1;2;1;2;1;2;2;7;5;3;0;4;3;2;5;0;13.18;2.52;5.229208896;22.82;2.113333333;23.625;50.305;5.71767250644684;3.9669167964261;2.971640640846;5.69630079963863;33.9993306524939;19.1175053765252;19.5851034762186;48.4298708061429;1.78010389455426
487;BGM-0585;9;7;3;3;1;4;1;5;1;3;1;5;1;3;3;3;5;1;1;1;3;2;1;2;3;5;3;0;3;3;3;5;90;17.18;3.16;5.452007169;25.62;3.013333333;35.55555555;68.96555555;7.98793097521965;4.02926642811418;3.69252691852626;6.022640912611;35.2758743557448;18.493064043151;18.0157632839631;51.2112460300738;1.81502356922532
493;BGM-0593;7;5;5;3;3;9;2;3;3;1;1;5;1;5;3;3;3;1;1;1;1;0;2;2;7;5;3;0;3;3;1;5;0;12.76;3.12;4.129897593;17.72;2.14;23.19444444;50.88222222;4.48638948133082;4.37534192217854;2.98149992152214;5.28457956661721;35.525803857478;16.519835386163;13.4753991748627;52.4482923608521;2.00626639352082
516;BGM-0626;7;3;5;5;3;9;2;5;4;1;1;5;0;5;7;7;3;1;1;1;2;3;1;3;7;3;3;1;3;3;1;5;100;14.04;4.34;3.234448872;20.72;2.456666667;20;47.72333333;6.02695723293327;3.8709290019978;3.08570416026347;3.72421558519319;36.2837273492503;8.88505839245753;21.5965444807764;29.4391750985366;1.74796238290051
533;BGM-0652;7;7;3;5;2;4;4;5;4;1;1;5;0;4;7;7;5;1;1;1;1;0;1;2;7;0;3;0;3;3;2;5;0;15.22;3.78;4.025881752;22.6;1.826666667;31.33333333;48.49666667;6.18753892481935;3.86424796575419;3.03545623814806;5.18064218410072;35.6344695983865;13.7972252893822;16.6082888563101;43.6500209210706;1.77278451762349
536;BGM-0657;5;1;5;3;3;6;3;3;3;3;1;5;1;5;7;7;5;1;2;1;2;2;2;2;7;5;3;1;4;3;2;3;100;14.38;3.52;4.086127572;15.66;2.436666667;24.08333333;57.47666667;4.83275115816555;5.06110063285646;4.05176954491405;5.00756575346202;35.8098202045043;13.2930793966894;15.9586324681022;43.8322826898827;1.80673017741266
541;BGM-0662;9;5;5;3;1;5;4;5;4;4;1;5;0;5;7;3;5;1;2;1;3;1;2;2;7;5;2;0;3;5;2;3;90;12.38;3.3;3.75986631;17.44;2.823333333;27;60.37166667;8.00806747446013;3.20242892287061;4.15034744383942;5.92773507999397;36.425666807996;15.6027328922371;12.3361075827919;53.2768232997264;1.45349551637751
547;BGM-0669;3;7;5;5;3;6;1;5;1;1;3;5;1;5;7;3;5;1;1;1;2;2;2;2;3;5;3;0;4;3;3;5;100;10.44;2.88;3.640849219;15.1;3.033333333;27;59.2825;8.08668309917548;4.21605794695726;4.31516765668583;5.71605117555961;34.7048743376183;17.7129910106768;16.9770173076876;43.9893358143614;1.95228967517101
549;BGM-0671;3;2;5;3;3;6;3;3;4;1;2;5;1;5;3;7;5;1;1;1;2;0;2;2;7;5;3;0;4;3;1;5;60;12.3;2.5;5.0000481;18.54;1.876666667;25;58.71416667;4.38160565119085;6.14681067530523;2.93711406471761;4.84805765150132;30.7905709520268;15.0703407767416;12.097528425559;56.9119739698682;1.63854781595325
554;BGM-0678;9;5;5;5;3;7;3;7;1;4;2;5;1;2;3;3;5;1;3;1;3;3;2;2;3;5;3;1;3;3;1;7;90;21.74;6.86;3.180938375;38.46;2.926666667;23;58.50555556;8.09171330337497;3.92761448415473;2.98144472325271;5.83461881425818;36.7063998832099;17.253282194483;14.8807935488235;49.9042408407024;1.8008602430307
556;BGM-0680;7;3;5;5;3;9;3;3;4;1;1;5;1;5;3;3;5;1;2;1;2;1;2;1;7;5;3;1;4;3;1;3;90;9.46;2.76;3.428653531;12.52;3.006666667;27.79166667;53.8925;8.08668309917548;4.40164646974937;3.84491850801654;5.08069171023203;38.2616259126129;14.5700623421154;22.7464393378636;37.3331776349041;2.08862666744588
560;BGM-0694;5;5;5;7;3;9;2;5;4;1;3;5;1;5;3;7;5;1;1;1;2;1;2;3;7;5;3;1;4;3;1;5;90;13.84;4.2;3.320419005;26.12;2.873333333;30.625;60.14083333;8.14115154264673;4.28504732786667;3.28107257001613;5.08745169332084;37.160563703038;17.5717289437556;20.6350327838926;45.4493327750471;1.95891310700871
567;BGM-0706;5;5;5;5;2;6;3;3;4;2;1;5;1;2;3;3;5;1;1;1;3;0;1;3;7;3;3;0;3;3;2;7;80;19.36;4.44;4.34501332;25.34;2.06;20.77777778;50.16888889;7.93737271233902;4.00778230853457;3.54885550020684;4.76288542621722;36.7814533802263;12.5399263015902;20.2786880087422;34.5131078359521;2.04657007648214
568;BGM-0707;3;2;5;3;3;6;3;3;4;3;1;5;1;5;3;7;5;1;1;1;2;2;2;2;7;5;2;1;4;3;1;3;80;20.34;5.44;3.754841218;25.4;2.336666667;21.75;53.9725;4.90657585526762;3.44770939218641;3.9830005267386;6.92607789083312;36.3283916980249;18.0920050438861;19.8752366512532;44.7515166236114;1.79602810762483
569;BGM-0708;3;3;5;3;2;6;4;3;4;1;1;5;1;5;3;7;5;1;2;1;1;0;2;2;7;5;3;0;3;3;2;5;0;11.52;3.52;3.284641102;14.22;3.356666667;30.66666667;59.01;4.72862119721359;3.72738592513438;3.04404398920688;5.00782415889386;35.0206985327301;16.2811924293267;21.6093546789473;44.7924621530467;2.05231813141259
570;BGM-0711;3;3;5;3;3;6;2;3;3;1;1;3;0;5;1;3;5;1;1;1;3;3;1;2;3;3;2;1;4;3;2;5;100;9.2;2.64;3.500389234;16.68;2.75;20.79166667;49.42333333;6.48829454876596;3.61200352343402;4.01382811982401;5.45921399455461;35.3957474670568;17.5004294124328;23.425134682401;35.683778672494;1.93191905490647
571;BGM-0713;5;2;3;3;3;7;1;3;3;1;1;5;1;5;3;3;5;1;2;1;2;2;2;2;7;5;3;0;3;3;2;5;100;14.6;4.18;3.490767953;19.26;1.743333333;33.66666667;60.15666667;6.18753892481935;3.95720981373866;3.83388390777923;4.05754447854053;33.7014820170362;9.66949376438521;14.0406860572013;45.9345204468933;1.81721410784587
572;BGM-0714;5;5;5;3;3;9;3;3;4;1;1;5;0;5;3;7;5;1;1;1;2;0;2;1;7;5;3;0;4;3;1;5;90;17.08;4.68;3.675384278;26.14;3.516666667;22.16666667;60.92666667;4.40238567482744;5.52728778845809;2.40914842213458;7.41674529035843;34.9567066145267;31.0833474244857;28.9066351525098;50.3330463218588;2.36601879404916
576;BGM-0726;9;7;5;5;2;9;3;5;4;1;1;3;0;3;3;7;5;1;1;1;3;3;1;2;7;5;2;1;3;3;2;5;100;10.58;2.52;4.276339523;14.6;1.596666667;22.10416667;54.88;8.1001120448098;4.55853867148445;2.97348305314114;4.29667342959017;35.4688033691558;13.0234325952044;14.3958784088539;47.0513542804397;1.82533004803333
579;BGM-0733;7;5;5;3;2;3;4;5;4;1;3;5;1;5;3;3;5;1;3;1;3;1;2;2;7;5;2;1;3;5;2;7;80;17.56;4.3;4.100668867;17.88;1.763333333;17.33333334;57.05666667;7.2810883446214;3.59872958127395;3.54885550020684;4.86122652696594;33.8114153688831;14.7665217117946;18.5152242161593;44.8486004649485;2.12521473655891
598;BGM-0793;9;5;5;5;1;3;4;5;2;2;3;5;0;2;3;7;5;1;1;1;3;2;2;3;7;5;3;0;3;3;3;3;90;14.8;5.28;2.799157458;25.3;1.526666667;25.77777778;49.50555555;7.60260113180657;4.06478482793214;3.33680455442419;5.14076064261584;35.240729941418;14.5286781980742;10.9818579128625;57.0955093807883;1.60673046057503
604;BGM-0808;5;3;5;3;3;9;3;5;4;1;1;3;1;5;3;3;5;1;2;1;2;3;2;3;7;3;3;1;3;3;2;5;90;18.2;4.96;3.672938096;20.44;1.986666667;23.92916667;65.59083333;8.07691405262126;5.16984451744062;4.16927894238475;5.50728919447926;34.7497837511886;18.5532366986714;17.7303932383426;50.0926108034004;1.86669303825435
614;BGM-0819;3;3;5;3;2;3;3;3;4;1;1;5;0;5;1;3;5;1;2;1;3;2;2;2;7;5;2;0;4;3;1;5;90;9.72;3.66;2.650276713;17.9;2.35665841452208;26.374466558463;58.7035885462208;6.18753892481935;4.03559442651072;3.27088217702751;4.98394348270261;33.4515544485309;14.8646193867973;17.2274678614225;46.6921966281002;1.84740372827982
617;BGM-0822;7;5;5;3;2;5;4;3;4;4;1;5;1;6;1;3;5;1;1;1;2;2;2;2;7;5;3;0;3;3;2;7;70;21.14;2.54;8.296445623;31.48;2.97;15;55.9;6.1818970000718;3.96565803319926;2.96351543812859;6.14801286276112;36.622458958045;21.976703446628;28.0240583718102;44.7084964654671;2.19918442979387
629;BGM-0846;5;7;5;3;2;8;2;3;3;1;1;5;1;5;3;3;5;1;1;1;2;1;2;2;7;5;3;0;3;3;2;5;90;12.4;3.74;3.317325017;19.32;2.926666667;32.45833333;73.18666667;7.44194086264797;4.7015464773894;3.4199811871783;6.12836028994574;35.1620583268521;17.6655706349754;21.8798862333311;42.040228689686;1.87963214732664
647;BGM-0872;5;3;5;3;3;9;2;5;4;2;3;7;0;5;3;3;5;1;1;1;2;1;1;1;7;5;3;0;4;3;3;5;80;14.74;4.42;3.347812677;23.16;2.423333333;26.41666667;70.39666667;5.89732281911195;3.29372312958398;3.21628511709059;4.96513179281298;32.658429602644;16.9674258932615;14.8143562754746;53.7177354540703;1.81506858460598
659;BGM-0889;7;5;5;3;3;6;3;5;4;2;2;5;1;5;3;3;5;1;1;1;3;1;2;3;7;5;3;0;3;5;1;7;90;12.1;3.48;3.513973928;17.1;2.263333333;18.55555556;58.65;8.02957577932748;3.46246284670099;3.79191836666512;3.84000119270756;37.1413304448126;9.81780694040341;13.0424459863394;36.6402470700866;1.62498029694237
664;BGM-0894;7;3;5;3;3;9;3;5;4;1;1;5;1;5;3;3;5;2;1;1;1;1;2;2;7;5;3;0;3;3;1;7;80;14.62;4.28;3.415795832;22.84;2.033333333;21.33333333;51.13666667;6.1818970000718;5.16844684585633;3.73518791591394;4.87100627592561;34.0199649602073;16.9941703003458;18.0409067354011;47.8132986208444;1.78237906962431
670;BGM-0902;3;3;5;3;3;9;3;3;4;2;3;5;0;5;1;3;5;1;2;1;2;1;2;2;7;5;3;0;3;3;3;5;100;12.8;3.02;4.230478309;21.66;2.49;25.45833333;56.52;8.04452953784431;3.63091252482719;3.77308634254955;4.02041306728657;36.686590583711;11.6286296909839;15.5901716001061;41.4303291553918;1.7492645493455
679;BGM-0914;3;7;5;3;3;5;4;3;4;2;3;5;1;5;3;7;5;1;1;1;2;2;2;1;7;3;2;0;4;3;1;5;90;13.12;3;4.427906792;17.24;1.436666667;20.95833333;71.79666667;8.11972045567343;3.65958444496228;3.2710047162553;5.35959870825631;33.4922857473204;17.9223634274049;18.2210068799106;43.6610756480782;2.02043644181616
691;BGM-0931;7;2;5;3;3;7;1;3;4;1;1;5;1;5;3;3;5;1;1;1;2;1;2;2;3;5;2;0;4;3;3;5;70;21.68;3.04;7.183690476;23.52;2.35665841452208;26.374466558463;58.7035885462208;4.00749099573326;4.03559442651072;2.76225491550919;5.36667303702321;32.9956935528727;18.3673737161249;15.8752199555673;53.0005794964745;1.72044833690266
699;BGM-0941;5;3;3;3;1;3;1;5;3;2;3;5;0;5;3;7;5;1;1;1;3;2;2;2;7;3;3;0;4;3;3;5;90;14.56;3.32;4.403015871;18.88;4.296666667;24.08333333;76.80333333;8.00296592756622;3.54129506934597;3.75998833458219;6.70577071037305;32.5647354192732;19.5187893598595;18.7641834327306;45.2928732976895;1.90246670681935
703;BGM-0945;5;5;5;3;3;9;3;5;4;2;3;3;0;5;7;7;5;1;1;1;3;3;2;2;7;0;2;1;3;3;1;5;90;13.62;3.38;4.035099034;16.66;2.183333333;24.72916667;56.33833333;8.1087354072281;3.58512899680462;3.42329869265099;4.78757043228086;34.9007414174194;13.5006267583549;22.1443816510669;36.5439014937527;2.25888088763146
711;BGM-0954;7;7;5;3;3;9;4;5;4;2;3;5;1;5;7;7;5;1;2;1;2;2;1;3;7;5;3;0;3;3;1;5;100;15.96;1.8;8.941944444;21.74;1.986666667;19.7925;45.36166667;7.98202755094278;2.43170876876309;3.63958167920902;3.93851584153841;35.3533809517053;8.53406485756141;18.4457307513825;25.049913490394;1.95753859207508
715;BGM-0959;5;1;5;3;2;5;2;3;1;1;1;5;0;5;1;3;5;1;1;1;3;0;2;2;3;3;3;1;3;3;3;5;90;14.3;3.98;3.597539732;17.14;1.943333333;24.29166667;54.02666667;8.03181092769069;3.53173776263427;3.6482814588679;5.21155751745988;34.8977955824318;17.0838364267469;15.6193874736579;53.6200646798299;1.57134834810088
716;BGM-0960;5;7;5;3;3;8;3;5;2;2;3;3;0;5;7;3;5;1;2;2;2;3;2;3;3;3;2;1;4;3;2;5;90;12.52;2.54;5.001729194;18.86;2.776666667;16.335;45.9525;8.0919989413381;2.58106979563416;4.12215755710384;4.1600927339736;35.0801179042712;7.78261508596296;16.9609476067145;24.3989159548893;2.0110291843285
722;BGM-0967;7;5;5;3;3;9;3;5;3;2;2;5;0;5;7;7;5;1;1;1;1;0;2;4;7;3;3;1;3;3;3;5;0;16;3.66;4.384346522;17.48;2.566666667;18.66666667;56.93916667;5.59348011897749;3.52218045592258;2.32340874111072;5.51740951301041;36.3063170225423;16.3542117267768;20.7279130936946;44.0957776431539;2.19137541852067
737;BGM-0984;5;9;5;7;3;6;3;7;1;1;1;5;1;5;7;7;5;1;2;1;2;1;2;2;7;3;3;1;4;3;2;5;100;14.3;3.5;4.093586566;22.66;1.953333333;20.04166667;54.045;6.16405530317744;4.82006270737102;3.61958324060603;5.12287279690427;34.7125080642026;16.1861325381851;20.169771780964;39.125680289094;1.97405690960263
741;BGM-0989;5;2;5;3;3;9;3;3;4;1;1;5;0;9;1;3;5;1;2;1;3;1;1;1;7;5;3;0;3;3;1;5;90;14.92;3.66;4.082850343;19.06;1.74;23.41666667;49.54333333;6.28876644721285;4.5620154261552;3.79421335521732;4.95433847680677;36.9943484057134;14.2131169204289;32.8886608042682;28.2448448414439;2.12647824789642
744;BGM-0993;5;7;5;5;1;8;4;5;3;3;2;5;0;5;3;7;5;2;1;1;3;1;2;2;7;5;3;0;3;3;2;7;90;16.78;4.46;3.78450936;21.94;1.73;20.47916667;52.99166667;7.4816353535824;3.66489078793327;3.48057658535756;5.14524289935802;34.5910304161457;13.0833133570077;12.995624261897;46.711935776879;1.69716229193133
748;BGM-0998;7;2;5;3;3;9;3;3;4;3;2;5;1;4;3;3;5;2;2;1;2;2;1;2;7;5;3;1;4;3;1;5;100;14.22;2.26;6.386143486;13.42;1.513333333;22.91666667;49.8975;4.20115661655881;3.06073312263924;3.95159117057453;4.42875507161152;36.0665174978068;11.9603185182648;13.3228583065812;43.4693733868494;1.78262150522326
765;BGM-1041;5;3;5;3;2;5;4;3;4;4;1;5;0;5;3;7;5;1;2;1;2;1;2;2;7;3;3;1;3;3;2;7;90;10.04;2.98;3.370569923;14.8;2.37;22.22916667;55.805;3.54796834206025;3.83296350494435;3.46572686435503;5.69398496568846;35.232300704112;15.1328551742483;21.2883864993507;40.9205849948736;1.99142990093505
770;BGM-1053;7;7;5;3;3;9;2;5;4;2;1;5;1;5;3;7;5;1;3;1;2;2;2;2;7;5;3;0;4;3;1;5;90;18.3;4.16;4.41038961;26.74;2.35665841452208;26.374466558463;58.7035885462208;6.18753892481935;4.03559442651072;3.22549009027584;4.66247184509434;33.9536037394504;15.1910864466073;20.3485156592335;41.8970876235198;2.10768837211226
818;BGM-1139;5;5;5;3;3;7;1;3;2;2;3;5;0;5;3;3;5;1;1;1;2;2;1;2;3;3;3;1;4;3;2;5;90;15.84;2.8;5.690361719;14.36;2.336666667;18.9;57.98;7.91419000285762;5.12289405720115;3.39856297567395;4.75683303286958;35.4706070751805;17.261458760833;19.1381327821906;44.753325601593;1.96181729216125
824;BGM-1146;5;5;5;3;3;9;3;5;4;2;3;5;1;5;1;7;5;1;1;1;3;2;2;2;7;5;1;0;3;3;1;5;90;15.72;4.36;3.612000777;19.9;3.296666667;19;60.47;8.12593534996497;3.82339363735861;3.43588445918568;5.26739355623142;34.3376401954658;13.9151471192716;16.7604126054931;42.1890142243659;1.98551298082244
852;BGM-1185;5;5;5;3;2;3;4;7;4;1;1;5;1;5;3;3;5;1;1;1;3;3;2;3;7;5;3;1;3;7;2;7;70;19.76;5;3.959126941;26.52;1.936666667;26;54.98222222;8.02729579745976;3.64935935225652;3.00261738984143;4.57768541401615;35.196720451868;14.0176792060257;16.5534442324668;43.5372516718363;2.05848719762351
853;BGM-1186;9;3;5;3;3;6;2;3;4;1;1;5;1;5;3;3;5;1;3;1;3;2;2;2;7;5;3;1;4;3;1;7;100;12.34;4;3.08801697;17.72;2.35665841452208;26.374466558463;58.7035885462208;6.18753892481935;4.03559442651072;3.54196005663819;6.54422679136453;36.6898189193327;21.076027995278;30.4465849798375;45.2626596157951;2.25355784031158
861;BGM-1198;3;2;5;3;3;9;3;3;4;2;2;5;1;5;1;3;5;1;1;1;2;3;1;1;7;5;2;1;3;5;1;5;80;14.26;4.1;3.483813571;21.86;4.023333333;23.25;62.71916667;7.94498522283648;3.90978972687616;4.29321948656362;4.21763246252175;32.8490795341984;12.8675093827689;17.0166060611465;41.0558916149304;1.92261228885236
867;BGM-1210;3;1;5;3;2;3;4;3;3;2;2;7;1;3;3;3;5;1;2;1;3;2;2;3;7;5;2;1;3;3;1;7;110;17.48;3.98;4.400341402;20.24;2.79;24;63.35;7.67242400855066;3.62451035480611;4.05352270833357;4.79969853310209;34.6136442025431;12.8173944132471;16.621209754603;42.4280821006667;1.77990160801937
885;BGM-1249;7;5;5;3;1;5;2;5;1;1;1;5;1;5;7;7;5;1;2;1;2;3;1;2;3;0;2;1;3;7;1;3;100;13.86;4.06;3.416486565;15.2;2.53;28.08333333;62.25083333;7.98785115953898;3.25356260776547;4.32137260802694;5.91466640985503;38.6363176847862;14.1257018005286;15.5982980814586;49.4301617922148;1.68862158727606
888;BGM-1252;7;5;5;3;3;7;1;5;1;1;1;5;1;2;7;3;5;2;2;1;3;2;2;2;3;0;3;1;4;7;3;5;100;17.3;5.26;3.2947447;25.4;1.883333333;20.41666667;53.57;4.36656275727858;2.97014121250386;3.93876842939728;5.30388040273026;36.1868025158068;11.7619821485271;11.1677318791401;40.7247030889499;1.66416455002277
927;BGM-1300;5;7;5;5;3;9;3;5;4;1;1;5;1;5;3;3;5;1;2;1;1;0;2;1;7;0;3;0;3;3;1;5;0;12.88;2.14;6.033178995;16.84;2.963333333;27.125;67.77583333;7.35287796956569;3.48020349170868;3.02287711169462;6.04638341072092;35.2234022984486;20.3008970358446;26.033909307373;44.8414032069332;1.92733674809394
931;BGM-1306;5;7;5;3;1;3;4;5;4;3;1;5;0;5;3;7;5;1;1;1;2;0;1;2;7;5;3;1;4;3;2;5;90;11.94;3.42;3.489915966;18.54;2.07;27.04166667;66.775;4.93095396312063;3.82105726003171;3.51829824853902;5.31665318089426;33.9884845464208;16.677793369722;16.6058127998956;52.6532292209573;1.77795733839474
968;BGM-1354;7;3;5;3;3;9;1;3;4;1;1;5;1;5;3;3;5;1;2;1;2;2;2;1;7;5;3;0;4;3;1;5;100;18.58;4.5;4.13149266;24.8;2.316666667;26.375;61.42333333;4.35999811029342;3.51264975914288;4.02831605780546;5.44215198711489;34.6285640428092;17.6035690288731;19.0498014222607;45.3584102620038;1.9137689740989
976;BGM-1363;5;5;5;3;3;9;3;5;4;1;1;5;1;5;3;3;5;1;1;1;1;0;2;2;7;5;3;0;3;3;1;5;0;11.6;3.18;3.676690115;16.58;2.256666667;24.83333333;51.65888889;7.13274400668803;4.07086184023648;2.34821141166391;4.73587883418279;37.5299464289193;12.5865166970243;18.6816877519819;39.9669153184473;2.03401739073913
978;BGM-1365;7;3;5;3;2;5;4;3;4;2;1;5;1;3;3;3;5;1;1;1;1;0;1;2;7;5;3;0;4;7;3;5;0;18.04;4.12;4.383639044;21.04;3.193333333;17.66666666;56.76777778;4.36396548214359;2.93311001264399;3.1603207603774;4.07049583160705;31.0557489670952;11.1130044844847;14.0195931134862;40.4229478607324;1.73286817051275
997;BGM-1389;9;3;5;3;2;6;3;5;4;3;1;5;1;2;3;7;5;1;2;1;2;1;2;2;7;5;3;1;4;3;2;3;90;18.98;6.58;2.886696223;29.6;3.156666667;36.76666667;54.24444444;6.26933838192018;3.5887412530664;4.00470284086169;5.94931453580492;38.6097252473806;15.9070825661114;27.4068961450028;35.6700850491072;2.18406264925973
1004;BGM-1400;9;3;5;3;3;6;3;5;4;4;1;5;0;5;3;3;5;1;2;1;3;2;2;3;7;3;3;1;4;3;1;3;100;16.06;4.76;3.374436856;18.42;2.256666667;31.79166667;57.40416667;4.83728839608932;3.33604525570116;3.94524776816265;4.71283676750503;34.8452988446598;14.0274042958598;16.6543535036763;45.7297467635272;1.84443376913445
1041;BGM-1448;5;5;5;3;3;9;2;5;4;3;1;5;1;9;7;3;5;1;2;1;2;2;1;4;7;5;3;1;3;3;3;5;90;15.94;1.82;8.769212246;18.72;1.116666667;17.33333333;58.41666667;5.28299571821628;4.61735098587598;3.74040892577022;4.36209977759394;34.8055460602786;12.5663761875929;12.1980467664647;52.4836106276372;1.75609818304227
1048;BGM-1456;5;5;5;3;3;6;2;3;4;1;1;5;0;5;3;3;5;1;2;1;2;1;2;2;7;5;3;0;3;3;3;5;90;12.4;3.84;3.23496337;18.6;3.803333333;31.66666667;73.42;4.75491814836944;4.03559442651072;3.01427947534605;6.43215028025763;34.5865872597157;20.5846488570864;22.6446287510496;44.9569528564226;2.00908340990942
1064;BGM-1482;5;3;5;3;3;7;1;3;1;1;1;5;1;7;3;3;5;1;2;1;1;0;2;2;3;5;2;0;4;3;2;7;0;17.72;4.22;4.196230599;24.4;2.753333333;27.61111111;56.12333333;8.28472923960137;4.26946502157021;2.63808881587044;5.94809940190791;36.2995222373468;14.6574200906729;15.2572480895374;44.2411534704148;2.03356078514688
1073;BGM-1491;7;7;5;3;2;3;3;3;4;1;1;5;1;5;3;7;5;1;2;1;2;1;1;3;7;0;2;1;3;3;2;5;90;17.68;5.54;3.191360383;26.32;2.186666667;33.66666667;79.73333333;6.18753892481935;4.03559442651072;3.95851658697786;4.71877733868765;34.3006805923575;14.4760981900965;20.7138378989718;33.7537397923477;1.88808731766708
1087;BGM-1511;7;3;5;3;2;5;4;3;4;2;2;5;1;5;3;3;5;1;2;1;2;2;2;2;7;5;3;1;3;3;1;3;100;16.38;4;4.120438596;15.44;2.11;20.22222222;58.06666667;6.18753892481935;3.69757165423637;4.10159327950089;4.34314217201938;32.5260104137863;14.1389025173807;13.6765032958329;51.2268372709972;1.52666193802842
1093;BGM-1519;5;7;5;3;3;7;2;3;1;1;1;5;1;5;3;7;5;1;1;1;1;0;2;2;3;0;3;0;3;3;3;3;0;18.34;5.32;3.446610762;21.22;2.636666667;27;59.23333333;3.1628811774721;2.84655488447002;2.5802716753314;4.51802506341199;32.9292947936205;12.2381051288792;13.7624432886115;44.868053898532;1.88875099495386
1117;BGM-1558;3;3;5;3;3;6;2;3;4;1;1;5;0;5;3;7;5;1;2;1;2;2;2;2;7;0;3;1;3;3;1;3;100;15.64;4.68;3.346153886;22.46;1.183333333;38.66666667;56.73;4.19547421613808;3.504521395901;3.57151838703987;6.11448118039961;36.2190708472482;14.3624720285111;15.2710933036511;47.9864322900761;1.86306516336567
1129;BGM-1581;7;7;5;5;2;4;1;5;1;1;1;5;1;5;3;3;5;1;1;2;1;3;2;2;3;3;2;0;4;3;1;5;0;13;3.88;3.351477733;16.54;1.22;33.66666667;50.20333333;7.45795759686035;4.24409326379069;3.33528029038889;5.06005673412711;36.7449287934985;12.6329509677183;17.4278953499799;44.0228956991109;1.69444604655489
1136;BGM-1588;9;5;5;5;1;3;4;5;4;4;2;3;0;5;7;7;5;1;1;1;2;1;2;2;7;0;3;0;4;3;1;3;80;15.26;4.9;3.111994291;22.32;1.593333333;28.66666667;67.66666667;7.00500741997624;4.0584266860778;3.30246224415695;5.91432443125975;37.3464251099304;19.6761883029877;22.5212071790017;45.2909264104474;1.84089635260095
1162;BGM-1621;7;2;5;3;3;6;1;3;1;4;1;5;1;3;7;3;5;1;2;1;3;3;2;2;3;3;3;1;4;7;1;5;100;12.42;4.98;2.49479193;18.48;2.08;26;58.27333333;7.89283879772806;4.75935482149313;3.50015114634312;6.81060626358529;34.4561174259045;22.2685897831234;19.7019728979505;51.4950731293223;1.86298960693504
1172;BGM-1633;5;1;5;5;2;8;2;3;3;2;1;5;1;5;3;3;5;1;1;1;2;1;2;2;3;5;3;0;3;3;1;5;90;13.62;2.06;6.626473001;16.62;3.03;31.88888889;53.54666666;7.83510652682644;2.71224694808225;3.42395146349297;4.60144687113189;33.0646145431849;12.9117879433995;14.2423556569226;44.9346296674284;1.49994777485938
1188;BGM-1657;5;5;5;3;2;5;4;5;4;2;1;5;1;5;1;7;5;1;1;1;2;2;1;3;3;5;3;0;4;3;1;5;90;10.94;3.14;3.492230135;15.02;2.496666667;23.16583333;59.92666667;3.73329292321637;3.968866307563;3.90836969883264;6.10471240361914;34.561776263176;18.989073558665;21.906176992102;48.3806238264275;1.8127522891792
1222;BGM-1698;3;5;5;3;2;5;4;5;4;1;1;5;1;5;1;7;5;1;1;1;3;0;2;2;7;5;3;0;4;3;2;5;70;13.26;3.24;4.09481844;23.96;2.293333333;26.33333333;55.30416667;5.06834096530809;3.95908260764936;3.07870055661397;5.22268244697542;33.0359551210293;18.0626468753929;21.8840436255138;46.396411484137;1.84265455387434
1223;BGM-1699;5;5;5;3;3;7;1;5;1;1;1;3;1;6;3;3;5;1;2;1;2;1;2;2;3;5;3;0;4;3;3;5;80;15.46;1.6;9.711007297;19.52;2.34;20.29166667;54.6325;7.94831456378706;3.2089260902294;3.3686214558073;4.20739202328547;33.3487913089576;10.256944874312;14.3076463795941;38.7856554462186;1.77734926387726
1247;BGM-1724;7;5;5;3;3;6;2;3;1;1;1;5;1;9;3;3;5;1;1;1;2;3;2;2;3;3;3;0;4;3;3;5;100;16.78;2.7;6.28022832;22.86;2.35665841452208;26.374466558463;58.7035885462208;6.18753892481935;4.03559442651072;3.95978400441603;4.81163612884849;34.3740053416816;13.5918925650137;17.0781664091852;43.3432549902018;1.90737189291118
1259;BGM-1736;7;7;5;3;3;9;2;5;4;2;1;5;1;5;3;7;5;1;1;1;3;0;2;2;7;0;2;0;4;5;1;3;70;15.74;4.48;3.533667365;24.52;3.756666667;22;65.19666667;6.18753892481935;4.03559442651072;3.39548827978316;5.06995349228121;36.7629070152926;14.4101116603006;15.5901320523739;46.4533663050424;1.68207207795181
1261;BGM-1738;7;7;5;5;3;7;1;5;3;1;1;5;1;5;3;3;5;1;1;1;2;3;1;2;7;5;2;1;4;3;2;5;90;10.84;3.52;3.086081871;15.8;2.416666667;26.33333333;64.66444444;7.78461574308053;4.00879301217436;3.18089089373049;5.69873359179014;35.6577514689986;16.9307218788257;15.3397670974933;53.0469100475416;1.87612327056218
1267;BGM-1744;5;2;5;3;3;9;3;3;4;2;2;5;0;7;3;3;5;1;2;1;2;2;1;3;7;5;3;0;3;3;2;5;100;12.94;2.72;4.818828305;17.26;2.663333333;18.83333333;71.67666667;6.81267311141895;3.90047938379099;3.84238554614274;5.79662240080707;35.9316447085601;22.4023347537854;26.1885613280456;42.9040168303881;2.10542762497539
1295;BGM-1772;5;5;5;3;3;9;3;3;4;1;1;7;0;5;3;3;5;1;2;1;2;2;2;2;7;3;3;1;4;3;3;5;100;13.64;3.96;3.460832398;17.86;1.36;24.875;51.45083333;5.08326585903424;3.88527335077299;3.76761331905882;4.89364644976852;33.6579361693872;12.0566409173799;14.5539265051902;43.1782818785634;1.72930607755049
1298;BGM-1779;5;3;5;5;3;9;3;5;4;4;2;5;0;5;1;3;5;1;2;1;2;3;2;3;7;5;3;0;3;3;2;5;80;10.8;3.26;3.318348147;18.28;2.316666667;35.91666667;58.25416667;8.06439293142361;3.42843408995388;3.46083924330844;5.55302650909839;36.1527817244434;15.8807801585827;25.4420522123991;37.2945766938325;2.13994404234548
1313;BGM-1824;3;7;3;3;2;5;4;5;4;2;3;5;0;5;7;3;5;1;1;1;3;1;2;2;7;5;3;1;4;7;1;3;80;13.76;3.3;4.209756775;16.86;2.35665841452208;26.374466558463;58.7035885462208;6.18753892481935;4.03559442651072;3.54196005663819;6.22972879264767;36.3641623610859;20.4962810713329;21.8948498949301;49.4595900086562;1.88901217726142
1314;BGM-1828;7;7;5;3;3;8;2;5;2;1;2;5;0;2;7;7;5;1;1;1;2;2;2;1;3;5;2;0;4;7;1;7;80;13.96;4.04;3.452997433;17.26;2.88;20;53.3;7.98049022445786;3.9159515986004;3.05548323353792;5.6348635195105;34.8381238940995;16.7145020377227;21.9767794856287;41.7213226282925;2.12180373416825
1315;BGM-1830;5;2;5;3;1;7;1;3;2;2;3;5;0;5;7;7;5;1;2;1;2;3;2;2;3;0;3;1;3;5;1;5;100;13.84;3.78;3.700467448;18.34;2.186666667;32.66666667;60.68333333;6.18753892481935;4.03559442651072;3.85812032667525;4.54083392737168;35.0953188892015;12.6076089088268;14.9720596620655;42.4871311329886;1.98036539068937
1323;BGM-1865;5;7;5;3;1;4;1;5;1;1;1;5;1;5;5;7;5;1;1;2;1;0;2;2;3;5;2;0;4;7;1;3;0;15.44;4.6;3.361827122;20.54;2.35665841452208;26.374466558463;58.7035885462208;6.18753892481935;4.03559442651072;2.35454482780826;6.16683379320122;32.4007684415699;21.4675401491844;10.5001853850135;54.4964865151112;1.45734525389363
1324;BGM-1866;5;5;5;3;3;9;2;3;4;2;2;5;0;9;3;7;5;1;1;1;1;0;2;2;7;3;3;0;3;3;2;5;0;17.22;2.84;6.107992748;24.06;2.5;25.125;44.69166667;4.26232489929832;3.73235644338584;3.46488120330508;4.8003634142668;33.361691245419;13.3775622606595;14.1155672943634;49.1387728409273;1.7284552763836
1332;BGM-1942;5;3;5;3;3;7;2;5;2;1;1;3;0;5;1;3;5;1;1;1;2;3;2;2;3;5;3;1;3;3;2;5;70;14.46;3.92;3.698380039;17.3;1.5;20.75;58.66166667;8.03758726361298;3.98084641788996;2.87561558057161;6.79037926610543;28.9193126532811;27.0762313031095;27.085314857639;47.1271891182296;2.30722856623356
1334;BGM-1957;5;1;5;3;3;9;3;3;4;2;3;5;0;6;3;3;5;1;1;1;3;3;2;2;7;5;3;0;3;3;3;4.87006678809958;90;15.62;1.18;13.32750583;17.02;1.893333333;27.19333333;63.95;8.04056222128246;3.56977566041077;3.58606293708653;5.21439004857446;30.3397148387435;18.3893237618978;24.806203769508;41.9884602600755;2.09774521508825
1337;BGM-1980;3;5;5;3;3;9;3;3;4;4;3;3;0;5;1;3;5;1;2;1;2;1;2;2;7;5;3;0;3;3;2;5;100;9.46;3.2;2.960795455;13.62;1.85;19.70833333;49.9075;7.73368105551474;3.42269970592686;3.8248830367967;4.67648569296127;34.2294156505176;13.1267425356222;15.5079878020753;39.7208542453389;1.96888058139332
1344;BGM-2022;3;5;5;3;3;7;1;3;1;1;1;5;1;9;3;3;5;1;4;1;1;0;2;2;3;5;3;0;4;3;3;5;0;17.4;3.68;4.734059022;25.56;2.256666667;23.12416667;63.08083333;8.03758726361298;5.68466658184086;2.4475852952333;5.41677818428308;35.7123566868001;17.7895991608519;23.322040483685;41.384200164395;2.18793163055353
1346;BGM-2026;7;3;5;3;3;6;2;5;3;1;1;5;0;5;3;3;5;1;1;1;1;0;1;2;3;5;2;0;4;7;2;5;0;14.98;3.72;4.025319958;20.95;2.471666667;27.16666667;62.34583333;7.83489746691657;3.39759660421083;3.30693823578318;5.68256087358296;36.9546219772259;16.7815419202436;15.5688702744057;51.5748004843217;1.73005734032516
1347;BGM-2028;5;1;5;3;2;3;3;3;3;1;1;5;0;5;3;3;5;1;2;1;2;2;2;2;7;3;3;1;4;3;3;5;80;12.92;3.7;3.495406229;19.84;1.796666667;29.04166667;54.56583333;8.00179527180288;4.37691752369408;3.98118274750219;5.36798004378347;36.9537400369401;16.2767963057067;17.8675267904454;48.3138878232871;1.56922154468772
1349;BGM-2030;5;7;5;5;3;7;2;5;1;1;1;5;1;5;3;7;5;1;2;1;2;0;2;2;3;5;3;0;4;3;3;5;90;17.76;3.82;4.662008421;23.06;4.15;25.91833333;71.6175;8.00721205073553;4.65618926939411;3.61673913256852;7.63161698276807;34.8049046808117;27.5761410470977;18.9320062981273;57.7574187854234;1.90658720977974
1362;BGM-2058;7;3;5;3;3;7;1;3;1;1;1;7;1;6;3;7;5;1;1;1;1;0;2;2;3;0;2;0;4;7;3;3;0;22.1;2.78;7.976051535;22.48;1.626666667;19.44444444;50.03111111;6.23106158962293;3.97122419147667;2.78254617740673;4.01135667499944;32.9625735220775;12.2199363798359;11.5974937416201;53.2233023085624;1.68533935947106
1367;BGM-2063;9;5;5;3;3;8;2;5;4;1;2;5;1;5;3;7;5;1;1;1;2;1;2;3;7;0;2;1;4;7;2;3;80;17.56;4.2;4.190063108;23.46;1.096666667;27.11111111;57.93888889;7.28295898329775;3.89667719912543;2.80239431833249;5.17586827742999;32.3210379452227;15.1502698447304;13.6362129754381;48.1236689851599;1.58136041765572
1372;BGM-2070;7;5;5;3;2;5;4;5;4;4;1;5;1;5;3;3;5;1;1;1;2;2;2;3;7;5;3;1;4;7;2;7;90;16.88;5.46;3.092842158;26.5;2.35665841452208;26.374466558463;58.7035885462208;6.18753892481935;4.03559442651072;3.24393225930617;5.95394887376235;33.1970097054882;20.988972618531;23.8076930267465;47.1508364374927;2.03883530863938
1383;BGM-2083;7;5;5;3;3;9;3;5;4;1;1;7;1;3;3;3;5;1;2;1;2;1;1;2;7;5;2;0;3;5;1;5;80;19.18;3.98;4.827727527;29.32;2.79;25;61.32666667;7.97042226842126;3.71126544891851;2.83248646128111;4.86257768523678;32.9351718762424;13.9035439798141;14.078793831284;50.2529342456672;1.70886746236634
1385;BGM-2085;7;3;5;3;1;4;1;3;1;1;1;5;0;7;7;3;5;1;1;1;3;2;1;2;3;0;2;1;4;7;3;5;110;17.96;7.14;2.522621251;28.1;2.466666667;25.33333333;66.78222222;7.97042226842126;3.0021132909106;3.67197839889847;4.64419687971459;33.2654992719611;12.5325057063982;11.4553331953812;51.7183323150193;1.45133042097137
1398;BGM-2104;7;5;3;3;3;9;4;3;4;1;1;1;1;5;7;7;3;1;1;1;2;2;1;3;7;5;2;1;3;3;2;3;80;12.12;3.18;3.811004441;18.12;1.616666667;23.11666667;58.38;7.71509860425475;3.84319402721277;3.40816049009113;6.37240499551501;33.3174823028716;16.9042058725296;14.0688164979228;56.528498356392;1.69841825887075
1401;BGM-2108;7;5;5;3;1;4;1;3;1;2;1;3;0;2;3;3;5;1;2;1;1;0;2;2;3;5;3;1;4;7;2;3;0;13.58;4.6;2.964723419;21.4;2.35665841452208;26.374466558463;58.7035885462208;6.18753892481935;4.03559442651072;3.38689030074771;5.04810475998917;33.6254881955906;16.1193603453439;13.8629684701849;57.6216541673359;1.40987962650048
1407;BGM-2120;7;7;3;7;3;6;2;7;4;1;1;3;1;5;3;3;3;1;1;1;2;2;1;3;7;5;3;1;3;3;2;3;115;16.48;4.48;3.705098039;20.8;2.381666667;29.16666667;58.54833333;4.99899047923788;4.78124929430031;3.68487540282696;5.62834502973856;34.7856034933419;25.4793205841047;20.51104470679;54.9734091238373;1.68212841907226
1409;BGM-2122;3;7;5;3;3;4;1;5;1;1;1;5;0;4;3;7;5;1;1;1;2;1;2;2;7;0;3;1;3;3;2;3;100;13.9;2.14;6.510909091;16.34;2.35665841452208;26.374466558463;58.7035885462208;6.18753892481935;4.03559442651072;3.45110831758593;4.62136272187054;31.4645193766171;13.28018564748;13.4040783955627;58.275576029227;1.27360938359211
1410;BGM-2123;7;5;5;5;3;6;2;5;1;2;1;5;1;5;3;3;5;1;2;1;2;2;2;3;3;5;3;1;3;7;3;3;90;12.2;3.8;3.224430379;21.58;2.658333333;30.24833333;59.26708333;7.69889178989257;4.41177215810938;2.91860746718919;8.5385258170293;36.9048588250033;25.7101022753901;27.4440530932874;46.3166258279752;2.08325905004722
1412;BGM-2127;9;7;5;5;2;3;4;5;4;1;2;5;1;5;3;7;5;1;2;1;3;1;2;2;7;0;2;0;3;3;2;3;90;15.8;4.58;3.455686285;21.02;1.716666667;21.33333333;40.14666667;6.01059471140077;3.9005709522976;3.59207958855221;6.20619961162015;34.2422515747583;24.2869853973181;18.4435599595892;55.2976614654505;1.64389102732643
1483;BGM-2209;5;7;5;3;3;9;2;5;4;3;1;5;1;2;7;7;5;1;1;1;2;1;1;1;7;5;3;1;3;3;1;3;80;12.34;4.24;2.915147426;18.82;2.323333333;25.55555555;59.51888889;4.61247400786698;3.38965224049463;3.61292792206321;5.07866394683391;35.8348131478874;12.1132939979043;14.2424168830567;45.7188419506925;1.86631388349937
1496;BGM-2226;7;5;5;3;3;8;3;5;4;2;1;7;1;5;3;7;5;1;2;1;2;3;1;2;7;0;3;1;4;3;2;5;140;15.3;3.94;3.937972813;24.12;2.096666667;34.66666667;43.04666667;7.80486287045115;3.67158217311837;3.92379869068125;5.83793843718868;36.7664856531044;17.0295147123257;23.1644663126436;40.4765239026715;2.02407999025628
1501;BGM-2233;7;5;5;3;2;7;2;3;1;1;1;5;1;9;7;7;3;1;4;1;1;0;2;3;3;0;3;0;4;3;1;3;0;13.31;2.59;5.140112718;19.31;2.016666667;33.58333333;66.425;5.09749780226078;3.88597419609423;2.93095829813655;5.63233379867387;32.4675494115255;17.219831253195;16.0967537577441;54.8323384659601;1.77602370662389
1509;BGM-2242;5;5;5;3;3;7;2;3;1;2;1;5;1;3;3;3;5;1;1;1;1;0;2;2;3;5;3;1;3;3;1;3;0;18.22;5.34;3.41488356;28.12;1.4;17.33333333;42.39333333;6.18753892481935;4.03559442651072;2.96012931774137;4.79994976212041;35.9967148794179;12.5343955570008;14.0141354677821;53.8339983396223;1.52700629865415
1527;BGM-2266;5;7;5;5;1;5;4;7;3;1;1;5;1;5;3;7;5;1;1;1;1;0;2;3;7;0;2;0;4;3;2;5;0;18.46;4.36;4.237218699;27.66;1.363333333;31.33333333;53.34;6.64757718739123;3.6683092915866;2.63986488851024;6.05306182498617;34.3085287201306;15.8874834778918;19.3308369526266;42.8056938704349;2.08293543260619
1538;BGM-2281;7;5;5;3;1;4;1;5;1;1;1;5;1;5;3;7;5;1;1;1;1;0;2;2;3;0;3;0;4;3;3;3;0;17.52;4.5;3.899173046;28.76;2.35665841452208;26.374466558463;58.7035885462208;6.18753892481935;4.03559442651072;3.39244177923109;5.43980887925932;34.8633620599524;16.1646946085127;21.7148393413909;40.40185019747;1.99188506221023
1544;BGM-2293;3;1;5;3;3;9;3;3;4;2;2;3;0;5;7;3;5;1;1;1;3;2;1;2;7;5;3;0;4;3;2;5;90;12.74;3.86;3.317660819;12.16;3.656666667;22.66666667;73.7;4.94540147447342;4.08717641813769;3.50959602955924;6.13670797570819;34.8590084591823;17.4252881398009;16.9448498486898;50.8329543678085;1.78603841538818
1545;BGM-2294;5;7;3;5;3;8;1;5;3;2;1;5;1;5;7;3;5;1;1;1;1;0;2;3;7;5;2;0;4;3;3;5;0;16.02;4.5;3.57030563;30.56;1.513333333;20;56.81666667;2.88128033893258;3.80079350680474;3.0371644600474;6.26039904163884;34.7027066068442;21.4880760783889;22.0189550149777;48.1612072625752;2.12236088254834
1566;BGM-2347;7;3;5;5;3;3;3;3;3;2;1;7;1;6;3;3;5;1;2;1;1;0;1;3;7;5;3;0;4;3;2;5;0;14;2;7.089646465;17.64;1.456666667;31;43.22333333;4.57241325662617;4.03559442651072;3.36264792522726;6.30523734525607;37.1840967026105;14.8860356844055;16.292147290559;44.5755486707145;1.93812843506282
1570;BGM-2352;3;3;3;3;3;6;2;3;1;1;1;5;1;5;7;7;3;1;1;1;3;2;2;3;7;5;2;0;4;3;1;5;100;7.76;2.5;3.101307692;11.68;1.89;29.5;66.99666667;4.42130958576704;4.46779290244912;2.74654213861339;6.39613132289389;33.7278913291607;22.0907804557561;17.690661533829;58.7331554610106;1.8453506884173
1578;BR-11-24-156;3;7;3;5;3;9;4;3;4;1;1;5;1;5;1;3;5;1;1;1;2;2;2;3;7;0;3;0;3;3;2;3;100;15.42;5;3.091467366;23.56;2.953333333;40.66666667;75.20333333;7.73240558075655;5.00709464176779;3.04529484003828;7.26331178350824;36.3585279118739;26.6680020727875;21.1639520467063;55.3966798572336;2.18173081042911
1583;BR-12-107-02;3;5;3;3;2;9;2;3;4;3;2;3;1;4;3;3;3;1;1;1;2;2;1;3;7;5;3;0;3;3;1;5;100;15.74;3.42;4.60635101;19.3;1.626666667;33.66666667;61.13666667;4.49112124869877;5.29212192870768;2.67864135911875;6.7642567765074;36.4198873494198;23.8592463043902;22.0243376462231;51.673952653549;2.21538990814366
1594;BRS-Jari;9;7;3;3;2;5;4;5;4;3;3;1;1;5;7;3;3;1;2;1;2;3;1;3;7;5;2;1;3;3;1;5;105;14.05;4.47;3.149707577;16.58;1.65;27.53944444;61.32;5.53614477283061;4.71239931277089;3.89423831428656;4.46465009209431;30.0532740354751;14.3651057476726;12.952735188775;54.1001261033343;1.7227643890324
1595;BRS-Kiriris;3;7;5;3;1;5;4;3;4;1;1;5;1;5;3;7;5;1;1;1;2;2;1;2;7;0;2;0;3;3;2;7;90;19.66;5.4;3.650786436;27.3;2.75;29.91666667;61.16666667;5.52098656420585;5.36611881306326;2.62891435840504;8.78959841898763;35.136856557414;29.6111128089299;19.3926464020431;60.7117090302296;2.13755715488345
1598;BRS-Poti-Branca;7;3;3;3;3;7;2;3;3;1;1;5;1;5;3;3;3;1;3;1;2;2;2;3;7;5;2;1;3;3;2;5;100;16.85;4.48;3.768320601;28.44;4.04;29.38533333;54.16433333;6.18753892481935;6.13623231339803;2.35174196340398;8.7586522027406;35.2378412686927;30.2718360112895;32.3370290883248;48.0227300025143;2.43882120920117
1607;CPAFRO-05;5;9;3;7;1;7;1;3;1;1;1;5;1;5;5;3;5;1;2;1;1;3;1;3;3;0;2;0;3;3;2;3;0;17.5;5.26;3.325604766;30.64;2.5;47;53.91;4.57241325662617;4.03559442651072;3.53476032475777;5.99881840229648;34.3840749035605;21.8703811352811;19.6825761560823;54.984186446789;1.9692752173823
1623;CPAFRO-33;5;2;3;3;3;9;4;3;4;1;1;3;1;5;5;3;5;1;2;1;3;3;2;3;7;3;1;1;3;3;1;3;90;11.24;2.88;3.921520147;8.5;1.69;30.33333333;43.24;6.72880702808974;4.00362645816689;3.7398524660102;5.69561185623396;37.4081710592082;18.583971699917;19.082112498674;47.8322254239782;1.99599470366787
1626;CPAFRO-42;3;3;5;3;3;8;4;3;4;1;1;3;1;5;5;3;5;1;2;1;3;3;2;3;7;3;3;0;3;3;1;3;90;15.24;4.04;3.780676692;21.64;1.236666667;28.66666667;58.57;6.86013225331075;3.71584326271191;3.35500863204943;5.25689313799592;33.2515738438766;16.8068084825678;21.1718643466718;41.9637978112408;2.06478145746259
1652;SE-09;7;7;3;3;2;3;2;3;4;1;3;5;1;5;3;3;3;1;1;1;2;2;1;3;7;0;3;0;3;3;2;3;95;12.98;3.94;3.309495166;15.08;1.693333333;23;42.90666667;4.48724071956153;3.26714903323908;3.39562766694916;5.79406662419084;37.0812649608419;17.3161199210429;18.7881446779638;46.0128293899489;1.90538588237485
